order_id,date,item_name,item_type,item_price,quantity,transaction_amount,transaction_type,received_by,time_of_sale,,scj,Aalopuri,Vadapav,Panipuri,Frankie,sandwich,Cd coffee,,,,
1,07-03-2022,Aalopuri,Fastfood,20,13,260,,Mr.,Night,Monday,153,134,134,150,#NAME?,,,,,,
2,8/23/2022,Vadapav,Fastfood,20,15,300,Cash,Mr.,Afternoon,8/23/2022,,,,,,,,,,,
3,11/20/2022,Vadapav,Fastfood,20,1,20,Cash,Mr.,Afternoon,11/20/2022,,ITEM NAME,Night,Afternoon,Evening,Morning,Total,,,,
4,02-03-2023,Sugarcane juice,Beverages,25,6,150,Online,Mr.,Night,Thursday,,Aalopuri,26,29,19,27,101,,,,
5,10-02-2022,Sugarcane juice,Beverages,25,8,200,Online,Mr.,Evening,Thursday,,Cold coffee,39,34,30,32,135,,,,
6,11/14/2022,Vadapav,Fastfood,20,10,200,Cash,Mr.,Evening,11/14/2022,,Frankie,34,31,29,23,117,,,,
7,05-03-2022,Sugarcane juice,Beverages,25,9,225,Cash,Mr.,Evening,Saturday,,Panipuri,26,28,36,29,119,,,,
8,12/22/2022,Panipuri,Fastfood,20,14,280,Online,Mr.,Night,12/22/2022,,Sandwich,30,19,29,25,103,,,,
9,06-10-2022,Panipuri,Fastfood,20,1,20,Cash,Mrs.,Morning,Thursday,,Sugarcane juice,27,41,32,25,125,,,,
10,9/16/2022,Panipuri,Fastfood,20,5,100,Online,Mr.,Afternoon,9/16/2022,,Vadapav,23,23,26,29,101,,,,
11,12-01-2022,Frankie,Fastfood,50,8,400,Online,Mrs.,Afternoon,Wednesday,,,,,,,801,,,,
12,07-12-2022,Vadapav,Fastfood,20,8,160,Online,Mrs.,Night,Wednesday,,,,,,,,,,,
13,12/22/2022,Panipuri,Fastfood,20,9,180,Online,Mrs.,Afternoon,12/22/2022,,,,,,,,,,,
14,11/25/2022,Frankie,Fastfood,50,4,200,Online,Mr.,Morning,11/25/2022,,ITEM NAME,Cash,Online,,,,ITEM NAME,Mr.,Mrs.,
15,02-03-2023,Aalopuri,Fastfood,20,3,60,Cash,Mrs.,Evening,Thursday,,Aalopuri,66,53,0,,,Aalopuri,74,60,
16,4/14/2022,Sandwich,Fastfood,60,11,660,,Mrs.,Midnight,4/14/2022,,Cold coffee,72,66,72,,,Cold coffee,82,79,
17,10/16/2022,Panipuri,Fastfood,20,11,220,Cash,Mrs.,Morning,10/16/2022,,Frankie,62,65,62,,,Frankie,63,76, 
18,11-05-2022,Panipuri,Fastfood,20,10,200,Cash,Mrs.,Night,Wednesday,,Panipuri,70,65,65,,,Panipuri,77,73,
19,8/22/2022,Panipuri,Fastfood,20,11,220,Cash,Mrs.,Night,8/22/2022,,Sandwich,63,54,54,,,Sandwich,69,60,
20,9/15/2022,Cold coffee,Beverages,40,10,400,Online,Mr.,Night,9/15/2022,,Sugarcane juice,76,60,76,,,Sugarcane juice,79,74,
21,12/21/2022,Cold coffee,Beverages,40,15,600,Cash,Mr.,Evening,12/21/2022,,Vadapav,67,54,67,,,Vadapav,68,66,
22,10-04-2022,Sugarcane juice,Beverages,25,12,300,Online,Mr.,Evening,Sunday,,,,,,,,,,,
23,5/26/2022,Sandwich,Fastfood,60,3,180,Online,Mr.,Midnight,5/26/2022,,,,,,,,,,,
24,02-11-2023,Sugarcane juice,Beverages,25,10,250,Online,Mr.,Afternoon,Thursday,,ITEM NAME,Total,,,,,,,,
25,8/31/2022,Sandwich,Fastfood,60,1,60,Online,Mrs.,Evening,8/31/2022,,Aalopuri,20880,,,,,,,,
26,8/18/2022,Sugarcane juice,Beverages,25,4,100,Cash,Mr.,Afternoon,8/18/2022,,Cold coffee,20120,,,,,,,,
27,10-12-2022,Cold coffee,Beverages,40,11,440,Online,Mrs.,Afternoon,Saturday,,Frankie,20120,,,,,,,,
28,01-06-2023,Cold coffee,Beverages,40,10,400,Online,Mrs.,Afternoon,Thursday,,Panipuri,31950,,,,,,,,
29,02-10-2023,Sugarcane juice,Beverages,25,9,225,Online,Mr.,Afternoon,Monday,,Sandwich,31950,,,,,,,,
30,1/28/2023,Frankie,Fastfood,50,2,100,Cash,Mrs.,Night,1/28/2023,,Sugarcane juice,20120,,,,,,,,
31,9/14/2022,Cold coffee,Beverages,40,13,520,Online,Mrs.,Evening,9/14/2022,,Vadapav,31950,,,,,,,,
32,05-06-2022,Aalopuri,Fastfood,20,4,80,,Mr.,Morning,Sunday,,,,,,,,,,,
33,02-05-2023,Aalopuri,Fastfood,20,13,260,Online,Mr.,Night,Tuesday,,,,,,,,,,,
34,02-04-2023,Frankie,Fastfood,50,12,600,Online,Mrs.,Evening,Sunday,,,,,,,,,,,
35,5/22/2022,Vadapav,Fastfood,20,8,160,Cash,Mr.,Morning,5/22/2022,,,,,,,,,,,
36,07-02-2022,Cold coffee,Beverages,40,10,400,Online,Mr.,Afternoon,Monday,,,,,,,,,,,
37,01-05-2023,Frankie,Fastfood,50,10,500,Cash,Mr.,Night,Monday,,,,,,,,,,,
38,03-08-2023,Panipuri,Fastfood,20,12,240,Online,Mrs.,Night,Thursday,,,,,,,,,,,
39,5/14/2022,Vadapav,Fastfood,20,2,40,Online,Mr.,Evening,5/14/2022,,,,,,,,,,,
40,02-05-2023,Sandwich,Fastfood,60,5,300,Online,Mrs.,Night,Tuesday,,,,,,,,,,,
41,11/13/2022,Cold coffee,Beverages,40,11,440,,Mr.,Afternoon,11/13/2022,,,,,,,,,,,
42,05-09-2022,Aalopuri,Fastfood,20,8,160,Online,Mrs.,Night,Monday,,,,,,,,,,,
43,5/26/2022,Vadapav,Fastfood,20,1,20,Cash,Mr.,Night,5/26/2022,,,,,,,,,,,
44,8/28/2022,Cold coffee,Beverages,40,12,480,Cash,Mr.,Evening,8/28/2022,,,,,,,,,,,
45,8/15/2022,Sugarcane juice,Beverages,25,6,150,Cash,Mrs.,Afternoon,8/15/2022,,,,,,,,,,,
46,05-07-2022,Vadapav,Fastfood,20,7,140,Cash,Mr.,Evening,Tuesday,,,,,,,,,,,
47,07-10-2022,Sandwich,Fastfood,60,7,420,,Mr.,Morning,Friday,,,,,,,,,,,
48,2/23/2023,Sandwich,Fastfood,60,14,840,Online,Mr.,Afternoon,2/23/2023,,,,,,,,,,,
49,11-06-2022,Frankie,Fastfood,50,4,200,Online,Mrs.,Morning,Saturday,,,,,,,,,,,
50,11-02-2022,Vadapav,Fastfood,20,8,160,Cash,Mrs.,Midnight,Friday,,,,,,,,,,,
51,5/16/2022,Frankie,Fastfood,50,15,750,Online,Mrs.,Morning,5/16/2022,,,,,,,,,,,
52,3/16/2023,Sugarcane juice,Beverages,25,12,300,Cash,Mrs.,Midnight,3/16/2023,,,,,,,,,,,
53,7/26/2022,Aalopuri,Fastfood,20,13,260,Cash,Mr.,Afternoon,7/26/2022,,,,,,,,,,,
54,12/28/2022,Panipuri,Fastfood,20,14,280,Online,Mrs.,Morning,12/28/2022,,,,,,,,,,,
55,05-07-2022,Sandwich,Fastfood,60,10,600,Cash,Mr.,Night,Tuesday,,,,,,,,,,,
56,11/23/2022,Panipuri,Fastfood,20,11,220,Cash,Mrs.,Midnight,11/23/2022,,,,,,,,,,,
57,08-04-2022,Panipuri,Fastfood,20,14,280,Online,Mrs.,Morning,Friday,,,,,,,,,,,
58,02-03-2023,Vadapav,Fastfood,20,6,120,Online,Mrs.,Morning,Thursday,,,,,,,,,,,
59,07-01-2022,Vadapav,Fastfood,20,5,100,Cash,Mr.,Morning,Friday,,,,,,,,,,,
60,06-11-2022,Cold coffee,Beverages,40,2,80,Online,Mr.,Night,Sunday,,,,,,,,,,,
61,12/25/2022,Vadapav,Fastfood,20,14,280,Cash,Mrs.,Afternoon,12/25/2022,,,,,,,,,,,
62,10/17/2022,Sugarcane juice,Beverages,25,3,75,Cash,Mr.,Afternoon,10/17/2022,,,,,,,,,,,
63,12-01-2022,Sandwich,Fastfood,60,7,420,Online,Mrs.,Morning,Wednesday,,,,,,,,,,,
64,12-09-2022,Cold coffee,Beverages,40,1,40,Cash,Mr.,Morning,Monday,,,,,,,,,,,
65,7/25/2022,Aalopuri,Fastfood,20,4,80,Cash,Mr.,Morning,7/25/2022,,,,,,,,,,,
66,04-05-2022,Frankie,Fastfood,50,2,100,Cash,Mrs.,Morning,Wednesday,,,,,,,,,,,
67,5/15/2022,Aalopuri,Fastfood,20,9,180,Cash,Mr.,Midnight,5/15/2022,,,,,,,,,,,
68,12/17/2022,Cold coffee,Beverages,40,2,80,,Mr.,Night,12/17/2022,,,,,,,,,,,
69,01-10-2023,Vadapav,Fastfood,20,7,140,Cash,Mr.,Midnight,Sunday,,,,,,,,,,,
70,05-09-2022,Cold coffee,Beverages,40,14,560,,Mrs.,Morning,Monday,,,,,,,,,,,
71,12-05-2022,Cold coffee,Beverages,40,6,240,Online,Mr.,Night,Thursday,,,,,,,,,,,
72,03-09-2023,Frankie,Fastfood,50,13,650,Online,Mr.,Afternoon,Sunday,,,,,,,,,,,
73,7/29/2022,Panipuri,Fastfood,20,5,100,Cash,Mr.,Midnight,7/29/2022,,,,,,,,,,,
74,8/15/2022,Cold coffee,Beverages,40,10,400,Online,Mrs.,Evening,8/15/2022,,,,,,,,,,,
75,02-02-2023,Cold coffee,Beverages,40,6,240,Online,Mrs.,Afternoon,Thursday,,,,,,,,,,,
76,8/17/2022,Vadapav,Fastfood,20,9,180,Online,Mr.,Morning,8/17/2022,,,,,,,,,,,
77,02-04-2023,Sugarcane juice,Beverages,25,12,300,Cash,Mrs.,Midnight,Sunday,,,,,,,,,,,
78,10-01-2022,Vadapav,Fastfood,20,4,80,Cash,Mrs.,Evening,Monday,,,,,,,,,,,
79,11-05-2022,Panipuri,Fastfood,20,6,120,Online,Mr.,Night,Wednesday,,,,,,,,,,,
80,5/24/2022,Frankie,Fastfood,50,13,650,Cash,Mr.,Evening,5/24/2022,,,,,,,,,,,
81,11/19/2022,Frankie,Fastfood,50,12,600,Online,Mrs.,Night,11/19/2022,,,,,,,,,,,
82,7/17/2022,Frankie,Fastfood,50,3,150,Online,Mrs.,Evening,7/17/2022,,,,,,,,,,,
83,11/13/2022,Frankie,Fastfood,50,11,550,,Mr.,Evening,11/13/2022,,,,,,,,,,,
84,03-03-2023,Panipuri,Fastfood,20,13,260,Cash,Mr.,Midnight,Friday,,,,,,,,,,,
85,8/19/2022,Aalopuri,Fastfood,20,3,60,Online,Mrs.,Night,8/19/2022,,,,,,,,,,,
86,03-09-2023,Aalopuri,Fastfood,20,15,300,Cash,Mr.,Morning,Sunday,,,,,,,,,,,
87,5/29/2022,Aalopuri,Fastfood,20,8,160,Cash,Mr.,Night,5/29/2022,,,,,,,,,,,
88,07-07-2022,Cold coffee,Beverages,40,10,400,Cash,Mr.,Evening,Thursday,,,,,,,,,,,
89,12/23/2022,Aalopuri,Fastfood,20,14,280,Cash,Mr.,Evening,12/23/2022,,,,,,,,,,,
90,10/29/2022,Vadapav,Fastfood,20,15,300,Online,Mr.,Night,10/29/2022,,,,,,,,,,,
91,3/22/2023,Cold coffee,Beverages,40,6,240,,Mrs.,Evening,3/22/2023,,,,,,,,,,,
92,5/13/2022,Aalopuri,Fastfood,20,15,300,Cash,Mr.,Afternoon,5/13/2022,,,,,,,,,,,
93,07-03-2022,Cold coffee,Beverages,40,2,80,Online,Mrs.,Midnight,Monday,,,,,,,,,,,
94,9/14/2022,Aalopuri,Fastfood,20,15,300,,Mrs.,Night,9/14/2022,,,,,,,,,,,
95,05-12-2022,Sugarcane juice,Beverages,25,8,200,Online,Mr.,Night,Monday,,,,,,,,,,,
96,8/22/2022,Sandwich,Fastfood,60,15,900,,Mr.,Morning,8/22/2022,,,,,,,,,,,
97,3/29/2023,Cold coffee,Beverages,40,13,520,Online,Mr.,Evening,3/29/2023,,,,,,,,,,,
98,12/24/2022,Vadapav,Fastfood,20,1,20,Online,Mr.,Morning,12/24/2022,,,,,,,,,,,
99,09-11-2022,Sugarcane juice,Beverages,25,3,75,Cash,Mr.,Evening,Wednesday,,,,,,,,,,,
100,05-08-2022,Panipuri,Fastfood,20,11,220,,Mr.,Morning,Friday,,,,,,,,,,,
101,3/26/2023,Vadapav,Fastfood,20,3,60,Online,Mrs.,Morning,3/26/2023,,,,,,,,,,,
102,3/13/2023,Cold coffee,Beverages,40,14,560,Cash,Mr.,Morning,3/13/2023,,,,,,,,,,,
103,3/14/2023,Cold coffee,Beverages,40,8,320,Online,Mrs.,Midnight,3/14/2023,,,,,,,,,,,
104,10/27/2022,Cold coffee,Beverages,40,13,520,Online,Mr.,Morning,10/27/2022,,,,,,,,,,,
105,1/25/2023,Panipuri,Fastfood,20,8,160,Cash,Mrs.,Evening,1/25/2023,,,,,,,,,,,
106,2/25/2023,Frankie,Fastfood,50,9,450,Cash,Mrs.,Evening,2/25/2023,,,,,,,,,,,
107,02-07-2023,Sandwich,Fastfood,60,4,240,Online,Mr.,Afternoon,Sunday,,,,,,,,,,,
108,08-06-2022,Panipuri,Fastfood,20,5,100,Online,Mr.,Afternoon,Wednesday,,,,,,,,,,,
109,08-08-2022,Cold coffee,Beverages,40,12,480,,Mr.,Afternoon,Monday,,,,,,,,,,,
110,11/16/2022,Panipuri,Fastfood,20,2,40,Online,Mrs.,Morning,11/16/2022,,,,,,,,,,,
111,09-04-2022,Sandwich,Fastfood,60,8,480,Cash,Mrs.,Midnight,Saturday,,,,,,,,,,,
112,2/24/2023,Sandwich,Fastfood,60,7,420,Cash,Mr.,Morning,2/24/2023,,,,,,,,,,,
113,12-12-2022,Aalopuri,Fastfood,20,8,160,Cash,Mr.,Afternoon,Monday,,,,,,,,,,,
114,8/14/2022,Aalopuri,Fastfood,20,10,200,Online,Mr.,Afternoon,8/14/2022,,,,,,,,,,,
115,01-12-2023,Aalopuri,Fastfood,20,13,260,,Mr.,Evening,Friday,,,,,,,,,,,
116,8/26/2022,Sugarcane juice,Beverages,25,13,325,Cash,Mr.,Evening,8/26/2022,,,,,,,,,,,
117,03-09-2023,Frankie,Fastfood,50,7,350,Online,Mrs.,Evening,Sunday,,,,,,,,,,,
118,07-06-2022,Sandwich,Fastfood,60,1,60,Online,Mr.,Midnight,Tuesday,,,,,,,,,,,
119,05-12-2022,Panipuri,Fastfood,20,10,200,Cash,Mr.,Evening,Monday,,,,,,,,,,,
120,07-10-2022,Frankie,Fastfood,50,2,100,Cash,Mrs.,Evening,Friday,,,,,,,,,,,
121,8/26/2022,Cold coffee,Beverages,40,8,320,Cash,Mr.,Afternoon,8/26/2022,,,,,,,,,,,
122,4/24/2022,Panipuri,Fastfood,20,3,60,,Mrs.,Night,4/24/2022,,,,,,,,,,,
123,06-09-2022,Cold coffee,Beverages,40,6,240,Online,Mr.,Evening,Tuesday,,,,,,,,,,,
124,10/14/2022,Sugarcane juice,Beverages,25,13,325,,Mrs.,Evening,10/14/2022,,,,,,,,,,,
125,04-10-2022,Vadapav,Fastfood,20,7,140,Cash,Mrs.,Midnight,Tuesday,,,,,,,,,,,
126,04-08-2022,Panipuri,Fastfood,20,11,220,Online,Mrs.,Night,Thursday,,,,,,,,,,,
127,12-03-2022,Aalopuri,Fastfood,20,1,20,,Mrs.,Morning,Saturday,,,,,,,,,,,
128,08-07-2022,Vadapav,Fastfood,20,11,220,Online,Mr.,Midnight,Friday,,,,,,,,,,,
129,10/19/2022,Panipuri,Fastfood,20,13,260,Cash,Mrs.,Morning,10/19/2022,,,,,,,,,,,
130,12/28/2022,Sugarcane juice,Beverages,25,7,175,Cash,Mr.,Night,12/28/2022,,,,,,,,,,,
131,1/19/2023,Sandwich,Fastfood,60,8,480,Cash,Mr.,Night,1/19/2023,,,,,,,,,,,
132,12-05-2022,Vadapav,Fastfood,20,4,80,Online,Mrs.,Night,Thursday,,,,,,,,,,,
133,12/20/2022,Aalopuri,Fastfood,20,5,100,Online,Mr.,Midnight,12/20/2022,,,,,,,,,,,
134,7/17/2022,Aalopuri,Fastfood,20,12,240,Online,Mrs.,Night,7/17/2022,,,,,,,,,,,
135,1/14/2023,Aalopuri,Fastfood,20,8,160,Online,Mr.,Midnight,1/14/2023,,,,,,,,,,,
136,8/24/2022,Aalopuri,Fastfood,20,15,300,Online,Mr.,Morning,8/24/2022,,,,,,,,,,,
137,3/19/2023,Sugarcane juice,Beverages,25,6,150,,Mr.,Afternoon,3/19/2023,,,,,,,,,,,
138,09-01-2022,Sandwich,Fastfood,60,15,900,Online,Mr.,Night,Sunday,,,,,,,,,,,
139,2/26/2023,Frankie,Fastfood,50,11,550,Online,Mrs.,Night,2/26/2023,,,,,,,,,,,
140,06-12-2022,Frankie,Fastfood,50,13,650,Cash,Mr.,Night,Tuesday,,,,,,,,,,,
141,6/15/2022,Aalopuri,Fastfood,20,4,80,,Mr.,Evening,6/15/2022,,,,,,,,,,,
142,12/30/2022,Sugarcane juice,Beverages,25,12,300,Cash,Mrs.,Morning,12/30/2022,,,,,,,,,,,
143,9/18/2022,Frankie,Fastfood,50,8,400,,Mrs.,Afternoon,9/18/2022,,,,,,,,,,,
144,11/17/2022,Panipuri,Fastfood,20,10,200,Cash,Mrs.,Evening,11/17/2022,,,,,,,,,,,
145,10-09-2022,Sandwich,Fastfood,60,14,840,Online,Mr.,Morning,Saturday,,,,,,,,,,,
146,10/28/2022,Frankie,Fastfood,50,4,200,,Mrs.,Afternoon,10/28/2022,,,,,,,,,,,
147,5/17/2022,Panipuri,Fastfood,20,7,140,Online,Mr.,Evening,5/17/2022,,,,,,,,,,,
148,3/19/2023,Sandwich,Fastfood,60,13,780,Online,Mr.,Evening,3/19/2023,,,,,,,,,,,
149,08-09-2022,Sandwich,Fastfood,60,7,420,Online,Mr.,Morning,Thursday,,,,,,,,,,,
150,1/30/2023,Cold coffee,Beverages,40,14,560,Cash,Mr.,Afternoon,1/30/2023,,,,,,,,,,,
151,07-10-2022,Frankie,Fastfood,50,13,650,Online,Mrs.,Morning,Friday,,,,,,,,,,,
152,10/24/2022,Cold coffee,Beverages,40,9,360,Online,Mr.,Afternoon,10/24/2022,,,,,,,,,,,
153,7/21/2022,Panipuri,Fastfood,20,1,20,Cash,Mrs.,Evening,7/21/2022,,,,,,,,,,,
154,12/13/2022,Vadapav,Fastfood,20,3,60,Cash,Mr.,Night,12/13/2022,,,,,,,,,,,
155,02-07-2023,Sugarcane juice,Beverages,25,10,250,Cash,Mrs.,Evening,Sunday,,,,,,,,,,,
156,3/25/2023,Panipuri,Fastfood,20,14,280,Cash,Mr.,Midnight,3/25/2023,,,,,,,,,,,
157,2/24/2023,Frankie,Fastfood,50,7,350,Online,Mrs.,Midnight,2/24/2023,,,,,,,,,,,
158,5/16/2022,Aalopuri,Fastfood,20,2,40,,Mr.,Midnight,5/16/2022,,,,,,,,,,,
159,10-03-2022,Sugarcane juice,Beverages,25,1,25,Online,Mrs.,Afternoon,Thursday,,,,,,,,,,,
160,7/23/2022,Vadapav,Fastfood,20,10,200,Online,Mr.,Night,7/23/2022,,,,,,,,,,,
161,1/19/2023,Sugarcane juice,Beverages,25,12,300,Cash,Mr.,Evening,1/19/2023,,,,,,,,,,,
162,05-07-2022,Aalopuri,Fastfood,20,11,220,Cash,Mr.,Midnight,Tuesday,,,,,,,,,,,
163,01-06-2023,Frankie,Fastfood,50,6,300,Online,Mrs.,Midnight,Thursday,,,,,,,,,,,
164,08-10-2022,Sugarcane juice,Beverages,25,7,175,Online,Mr.,Afternoon,Saturday,,,,,,,,,,,
165,01-05-2023,Sandwich,Fastfood,60,11,660,Cash,Mr.,Midnight,Monday,,,,,,,,,,,
166,06-01-2022,Panipuri,Fastfood,20,6,120,Cash,Mrs.,Evening,Thursday,,,,,,,,,,,
167,2/23/2023,Cold coffee,Beverages,40,6,240,Cash,Mrs.,Morning,2/23/2023,,,,,,,,,,,
168,4/19/2022,Sandwich,Fastfood,60,4,240,Cash,Mrs.,Midnight,4/19/2022,,,,,,,,,,,
169,6/20/2022,Vadapav,Fastfood,20,6,120,Cash,Mr.,Morning,6/20/2022,,,,,,,,,,,
170,2/13/2023,Aalopuri,Fastfood,20,6,120,,Mrs.,Afternoon,2/13/2023,,,,,,,,,,,
171,03-02-2023,Vadapav,Fastfood,20,11,220,Cash,Mrs.,Midnight,Friday,,,,,,,,,,,
172,8/27/2022,Sugarcane juice,Beverages,25,6,150,Online,Mrs.,Night,8/27/2022,,,,,,,,,,,
173,1/20/2023,Cold coffee,Beverages,40,2,80,Online,Mr.,Night,1/20/2023,,,,,,,,,,,
174,09-03-2022,Aalopuri,Fastfood,20,2,40,Online,Mr.,Evening,Wednesday,,,,,,,,,,,
175,10/17/2022,Frankie,Fastfood,50,12,600,Cash,Mrs.,Afternoon,10/17/2022,,,,,,,,,,,
176,08-04-2022,Panipuri,Fastfood,20,1,20,Cash,Mrs.,Midnight,Friday,,,,,,,,,,,
177,7/21/2022,Panipuri,Fastfood,20,11,220,Online,Mrs.,Morning,7/21/2022,,,,,,,,,,,
178,12-09-2022,Aalopuri,Fastfood,20,2,40,Cash,Mrs.,Morning,Monday,,,,,,,,,,,
179,03-03-2023,Sugarcane juice,Beverages,25,5,125,,Mrs.,Midnight,Friday,,,,,,,,,,,
180,12-01-2022,Vadapav,Fastfood,20,6,120,Online,Mrs.,Afternoon,Wednesday,,,,,,,,,,,
181,06-09-2022,Cold coffee,Beverages,40,7,280,Cash,Mrs.,Night,Tuesday,,,,,,,,,,,
182,07-02-2022,Cold coffee,Beverages,40,1,40,Cash,Mr.,Midnight,Monday,,,,,,,,,,,
183,07-10-2022,Sugarcane juice,Beverages,25,5,125,Cash,Mrs.,Midnight,Friday,,,,,,,,,,,
184,01-03-2023,Cold coffee,Beverages,40,8,320,Cash,Mr.,Night,Wednesday,,,,,,,,,,,
185,1/13/2023,Sugarcane juice,Beverages,25,15,375,,Mr.,Night,1/13/2023,,,,,,,,,,,
186,3/15/2023,Frankie,Fastfood,50,2,100,Online,Mr.,Afternoon,3/15/2023,,,,,,,,,,,
187,10-11-2022,Aalopuri,Fastfood,20,15,300,Cash,Mrs.,Morning,Thursday,,,,,,,,,,,
188,12/28/2022,Panipuri,Fastfood,20,14,280,Cash,Mrs.,Night,12/28/2022,,,,,,,,,,,
189,02-08-2023,Vadapav,Fastfood,20,12,240,Online,Mr.,Afternoon,Wednesday,,,,,,,,,,,
190,4/26/2022,Cold coffee,Beverages,40,1,40,Online,Mr.,Evening,4/26/2022,,,,,,,,,,,
191,5/20/2022,Sugarcane juice,Beverages,25,14,350,Cash,Mrs.,Morning,5/20/2022,,,,,,,,,,,
192,10/26/2022,Vadapav,Fastfood,20,2,40,Online,Mr.,Night,10/26/2022,,,,,,,,,,,
193,02-05-2023,Cold coffee,Beverages,40,15,600,Online,Mrs.,Midnight,Tuesday,,,,,,,,,,,
194,12/15/2022,Vadapav,Fastfood,20,4,80,Cash,Mrs.,Morning,12/15/2022,,,,,,,,,,,
195,4/23/2022,Sandwich,Fastfood,60,4,240,Cash,Mrs.,Night,4/23/2022,,,,,,,,,,,
196,6/25/2022,Sandwich,Fastfood,60,3,180,Cash,Mr.,Evening,6/25/2022,,,,,,,,,,,
197,11-08-2022,Panipuri,Fastfood,20,10,200,Cash,Mrs.,Midnight,Thursday,,,,,,,,,,,
198,01-05-2023,Frankie,Fastfood,50,15,750,Cash,Mr.,Morning,Monday,,,,,,,,,,,
199,02-01-2023,Frankie,Fastfood,50,6,300,Online,Mrs.,Morning,Monday,,,,,,,,,,,
200,12/25/2022,Cold coffee,Beverages,40,10,400,Cash,Mrs.,Morning,12/25/2022,,,,,,,,,,,
201,6/30/2022,Panipuri,Fastfood,20,8,160,Cash,Mr.,Morning,6/30/2022,,,,,,,,,,,
202,9/21/2022,Aalopuri,Fastfood,20,9,180,Cash,Mr.,Afternoon,9/21/2022,,,,,,,,,,,
203,04-11-2022,Vadapav,Fastfood,20,6,120,Online,Mrs.,Midnight,Friday,,,,,,,,,,,
204,10/24/2022,Cold coffee,Beverages,40,7,280,Cash,Mrs.,Evening,10/24/2022,,,,,,,,,,,
205,10/17/2022,Vadapav,Fastfood,20,4,80,,Mr.,Afternoon,10/17/2022,,,,,,,,,,,
206,7/27/2022,Aalopuri,Fastfood,20,4,80,Cash,Mr.,Night,7/27/2022,,,,,,,,,,,
207,2/20/2023,Cold coffee,Beverages,40,8,320,Online,Mrs.,Evening,2/20/2023,,,,,,,,,,,
208,8/26/2022,Cold coffee,Beverages,40,13,520,Cash,Mrs.,Midnight,8/26/2022,,,,,,,,,,,
209,12-04-2022,Aalopuri,Fastfood,20,2,40,Cash,Mr.,Night,Tuesday,,,,,,,,,,,
210,01-02-2023,Sugarcane juice,Beverages,25,15,375,,Mr.,Night,Wednesday,,,,,,,,,,,
211,4/18/2022,Aalopuri,Fastfood,20,12,240,Cash,Mr.,Morning,4/18/2022,,,,,,,,,,,
212,05-05-2022,Cold coffee,Beverages,40,12,480,Online,Mrs.,Morning,Thursday,,,,,,,,,,,
213,9/29/2022,Vadapav,Fastfood,20,3,60,,Mrs.,Midnight,9/29/2022,,,,,,,,,,,
214,12-03-2022,Sugarcane juice,Beverages,25,14,350,Online,Mr.,Evening,Saturday,,,,,,,,,,,
215,12-10-2022,Sugarcane juice,Beverages,25,7,175,,Mrs.,Morning,Wednesday,,,,,,,,,,,
216,03-07-2023,Panipuri,Fastfood,20,9,180,Cash,Mrs.,Afternoon,Monday,,,,,,,,,,,
217,3/23/2023,Cold coffee,Beverages,40,10,400,Cash,Mr.,Morning,3/23/2023,,,,,,,,,,,
218,12/23/2022,Cold coffee,Beverages,40,13,520,Online,Mrs.,Midnight,12/23/2022,,,,,,,,,,,
219,10-01-2022,Aalopuri,Fastfood,20,9,180,Cash,Mrs.,Evening,Monday,,,,,,,,,,,
220,5/13/2022,Sugarcane juice,Beverages,25,1,25,Cash,Mr.,Afternoon,5/13/2022,,,,,,,,,,,
221,3/26/2023,Sandwich,Fastfood,60,1,60,Online,Mr.,Evening,3/26/2023,,,,,,,,,,,
222,09-11-2022,Sandwich,Fastfood,60,6,360,Cash,Mrs.,Morning,Wednesday,,,,,,,,,,,
223,9/21/2022,Panipuri,Fastfood,20,13,260,Online,Mr.,Night,9/21/2022,,,,,,,,,,,
224,3/23/2023,Sugarcane juice,Beverages,25,14,350,Cash,Mr.,Afternoon,3/23/2023,,,,,,,,,,,
225,3/16/2023,Frankie,Fastfood,50,11,550,Cash,Mrs.,Evening,3/16/2023,,,,,,,,,,,
226,12-12-2022,Aalopuri,Fastfood,20,13,260,Online,Mrs.,Afternoon,Monday,,,,,,,,,,,
227,11/17/2022,Cold coffee,Beverages,40,5,200,Cash,Mrs.,Afternoon,11/17/2022,,,,,,,,,,,
228,11-05-2022,Panipuri,Fastfood,20,8,160,Online,Mr.,Night,Wednesday,,,,,,,,,,,
229,12/15/2022,Panipuri,Fastfood,20,7,140,,Mr.,Evening,12/15/2022,,,,,,,,,,,
230,4/16/2022,Frankie,Fastfood,50,6,300,Online,Mr.,Afternoon,4/16/2022,,,,,,,,,,,
231,4/16/2022,Sugarcane juice,Beverages,25,3,75,,Mr.,Night,4/16/2022,,,,,,,,,,,
232,4/23/2022,Vadapav,Fastfood,20,13,260,Cash,Mrs.,Night,4/23/2022,,,,,,,,,,,
233,7/31/2022,Panipuri,Fastfood,20,5,100,Cash,Mr.,Morning,7/31/2022,,,,,,,,,,,
234,7/27/2022,Panipuri,Fastfood,20,10,200,Cash,Mr.,Midnight,7/27/2022,,,,,,,,,,,
235,11/29/2022,Sandwich,Fastfood,60,10,600,Cash,Mrs.,Afternoon,11/29/2022,,,,,,,,,,,
236,6/26/2022,Vadapav,Fastfood,20,12,240,,Mrs.,Evening,6/26/2022,,,,,,,,,,,
237,11-08-2022,Panipuri,Fastfood,20,13,260,Cash,Mrs.,Midnight,Thursday,,,,,,,,,,,
238,4/26/2022,Vadapav,Fastfood,20,13,260,Cash,Mr.,Morning,4/26/2022,,,,,,,,,,,
239,12-04-2022,Frankie,Fastfood,50,4,200,Online,Mr.,Evening,Tuesday,,,,,,,,,,,
240,12-11-2022,Sandwich,Fastfood,60,10,600,Cash,Mrs.,Morning,Saturday,,,,,,,,,,,
241,06-06-2022,Sugarcane juice,Beverages,25,2,50,Cash,Mr.,Afternoon,Monday,,,,,,,,,,,
242,12/23/2022,Cold coffee,Beverages,40,4,160,Online,Mrs.,Midnight,12/23/2022,,,,,,,,,,,
243,11-12-2022,Panipuri,Fastfood,20,5,100,Cash,Mrs.,Midnight,Sunday,,,,,,,,,,,
244,11/22/2022,Sandwich,Fastfood,60,10,600,Online,Mrs.,Midnight,11/22/2022,,,,,,,,,,,
245,10-03-2022,Vadapav,Fastfood,20,2,40,Cash,Mrs.,Morning,Thursday,,,,,,,,,,,
246,11/16/2022,Vadapav,Fastfood,20,10,200,Cash,Mr.,Afternoon,11/16/2022,,,,,,,,,,,
247,10-03-2022,Sugarcane juice,Beverages,25,6,150,,Mr.,Midnight,Thursday,,,,,,,,,,,
248,4/17/2022,Frankie,Fastfood,50,5,250,Online,Mrs.,Midnight,4/17/2022,,,,,,,,,,,
249,10/26/2022,Sugarcane juice,Beverages,25,3,75,Online,Mrs.,Afternoon,10/26/2022,,,,,,,,,,,
250,11/15/2022,Sugarcane juice,Beverages,25,6,150,Online,Mrs.,Midnight,11/15/2022,,,,,,,,,,,
251,12/21/2022,Cold coffee,Beverages,40,13,520,,Mrs.,Afternoon,12/21/2022,,,,,,,,,,,
252,3/26/2023,Vadapav,Fastfood,20,8,160,Online,Mr.,Midnight,3/26/2023,,,,,,,,,,,
253,6/18/2022,Sugarcane juice,Beverages,25,13,325,Online,Mr.,Afternoon,6/18/2022,,,,,,,,,,,
254,10-09-2022,Cold coffee,Beverages,40,12,480,,Mrs.,Afternoon,Saturday,,,,,,,,,,,
255,4/30/2022,Vadapav,Fastfood,20,7,140,,Mrs.,Afternoon,4/30/2022,,,,,,,,,,,
256,3/16/2023,Aalopuri,Fastfood,20,3,60,Online,Mrs.,Midnight,3/16/2023,,,,,,,,,,,
257,01-03-2023,Sandwich,Fastfood,60,10,600,Cash,Mrs.,Midnight,Wednesday,,,,,,,,,,,
258,09-06-2022,Vadapav,Fastfood,20,14,280,Cash,Mr.,Midnight,Thursday,,,,,,,,,,,
259,11/18/2022,Sandwich,Fastfood,60,4,240,Online,Mr.,Morning,11/18/2022,,,,,,,,,,,
260,09-10-2022,Sugarcane juice,Beverages,25,2,50,Online,Mrs.,Night,Sunday,,,,,,,,,,,
261,01-11-2023,Frankie,Fastfood,50,9,450,Cash,Mrs.,Midnight,Wednesday,,,,,,,,,,,
262,03-05-2023,Vadapav,Fastfood,20,5,100,,Mrs.,Evening,Wednesday,,,,,,,,,,,
263,6/19/2022,Panipuri,Fastfood,20,2,40,Cash,Mr.,Evening,6/19/2022,,,,,,,,,,,
264,7/18/2022,Sugarcane juice,Beverages,25,12,300,Online,Mr.,Morning,7/18/2022,,,,,,,,,,,
265,8/15/2022,Vadapav,Fastfood,20,6,120,Cash,Mr.,Midnight,8/15/2022,,,,,,,,,,,
266,10-02-2022,Frankie,Fastfood,50,10,500,Online,Mrs.,Night,Thursday,,,,,,,,,,,
267,03-05-2023,Vadapav,Fastfood,20,1,20,Cash,Mr.,Morning,Wednesday,,,,,,,,,,,
268,02-05-2023,Cold coffee,Beverages,40,12,480,Cash,Mrs.,Midnight,Tuesday,,,,,,,,,,,
269,12/22/2022,Panipuri,Fastfood,20,2,40,,Mrs.,Midnight,12/22/2022,,,,,,,,,,,
270,09-07-2022,Sandwich,Fastfood,60,13,780,Cash,Mr.,Evening,Saturday,,,,,,,,,,,
271,05-03-2022,Vadapav,Fastfood,20,13,260,Cash,Mr.,Evening,Saturday,,,,,,,,,,,
272,7/29/2022,Frankie,Fastfood,50,5,250,Online,Mrs.,Night,7/29/2022,,,,,,,,,,,
273,8/15/2022,Panipuri,Fastfood,20,15,300,Cash,Mr.,Midnight,8/15/2022,,,,,,,,,,,
274,01-04-2023,Sugarcane juice,Beverages,25,10,250,Online,Mr.,Night,Saturday,,,,,,,,,,,
275,02-04-2023,Vadapav,Fastfood,20,15,300,Online,Mr.,Night,Sunday,,,,,,,,,,,
276,9/30/2022,Sugarcane juice,Beverages,25,6,150,Cash,Mr.,Midnight,9/30/2022,,,,,,,,,,,
277,12-08-2022,Cold coffee,Beverages,40,13,520,Cash,Mrs.,Midnight,Friday,,,,,,,,,,,
278,6/19/2022,Frankie,Fastfood,50,6,300,Online,Mrs.,Night,6/19/2022,,,,,,,,,,,
279,9/14/2022,Vadapav,Fastfood,20,15,300,Cash,Mrs.,Afternoon,9/14/2022,,,,,,,,,,,
280,10-09-2022,Panipuri,Fastfood,20,14,280,Online,Mrs.,Evening,Saturday,,,,,,,,,,,
281,08-09-2022,Sandwich,Fastfood,60,3,180,Cash,Mrs.,Afternoon,Thursday,,,,,,,,,,,
282,5/16/2022,Vadapav,Fastfood,20,13,260,,Mrs.,Morning,5/16/2022,,,,,,,,,,,
283,07-02-2022,Panipuri,Fastfood,20,2,40,Cash,Mrs.,Midnight,Monday,,,,,,,,,,,
284,1/29/2023,Frankie,Fastfood,50,7,350,,Mr.,Afternoon,1/29/2023,,,,,,,,,,,
285,6/28/2022,Aalopuri,Fastfood,20,3,60,,Mr.,Night,6/28/2022,,,,,,,,,,,
286,12/14/2022,Vadapav,Fastfood,20,6,120,,Mr.,Night,12/14/2022,,,,,,,,,,,
287,08-06-2022,Aalopuri,Fastfood,20,3,60,Cash,Mr.,Morning,Wednesday,,,,,,,,,,,
288,8/22/2022,Sandwich,Fastfood,60,7,420,Cash,Mr.,Night,8/22/2022,,,,,,,,,,,
289,11/28/2022,Aalopuri,Fastfood,20,7,140,Online,Mrs.,Midnight,11/28/2022,,,,,,,,,,,
290,05-03-2022,Panipuri,Fastfood,20,7,140,Cash,Mrs.,Morning,Saturday,,,,,,,,,,,
291,1/27/2023,Frankie,Fastfood,50,8,400,Online,Mrs.,Night,1/27/2023,,,,,,,,,,,
292,1/16/2023,Frankie,Fastfood,50,2,100,Cash,Mrs.,Midnight,1/16/2023,,,,,,,,,,,
293,4/21/2022,Panipuri,Fastfood,20,8,160,Online,Mrs.,Morning,4/21/2022,,,,,,,,,,,
294,9/23/2022,Aalopuri,Fastfood,20,1,20,Cash,Mrs.,Evening,9/23/2022,,,,,,,,,,,
295,7/21/2022,Sandwich,Fastfood,60,7,420,Cash,Mr.,Midnight,7/21/2022,,,,,,,,,,,
296,02-06-2023,Panipuri,Fastfood,20,7,140,Cash,Mrs.,Afternoon,Friday,,,,,,,,,,,
297,4/30/2022,Sandwich,Fastfood,60,10,600,Online,Mr.,Evening,4/30/2022,,,,,,,,,,,
298,7/19/2022,Sugarcane juice,Beverages,25,9,225,Cash,Mrs.,Afternoon,7/19/2022,,,,,,,,,,,
299,7/22/2022,Aalopuri,Fastfood,20,1,20,Online,Mrs.,Evening,7/22/2022,,,,,,,,,,,
300,6/27/2022,Aalopuri,Fastfood,20,8,160,Cash,Mr.,Afternoon,6/27/2022,,,,,,,,,,,
301,1/28/2023,Panipuri,Fastfood,20,7,140,Cash,Mr.,Night,1/28/2023,,,,,,,,,,,
302,3/21/2023,Aalopuri,Fastfood,20,14,280,Cash,Mr.,Night,3/21/2023,,,,,,,,,,,
303,07-02-2022,Sugarcane juice,Beverages,25,1,25,Cash,Mrs.,Midnight,Monday,,,,,,,,,,,
304,5/28/2022,Vadapav,Fastfood,20,15,300,Online,Mr.,Morning,5/28/2022,,,,,,,,,,,
305,03-05-2023,Panipuri,Fastfood,20,4,80,,Mrs.,Morning,Wednesday,,,,,,,,,,,
306,03-03-2023,Cold coffee,Beverages,40,8,320,Online,Mrs.,Morning,Friday,,,,,,,,,,,
307,2/13/2023,Vadapav,Fastfood,20,8,160,Cash,Mr.,Evening,2/13/2023,,,,,,,,,,,
308,12/17/2022,Sandwich,Fastfood,60,13,780,Online,Mr.,Evening,12/17/2022,,,,,,,,,,,
309,10/14/2022,Sandwich,Fastfood,60,8,480,Online,Mr.,Evening,10/14/2022,,,,,,,,,,,
310,4/25/2022,Vadapav,Fastfood,20,4,80,Cash,Mr.,Afternoon,4/25/2022,,,,,,,,,,,
311,7/31/2022,Frankie,Fastfood,50,7,350,,Mrs.,Morning,7/31/2022,,,,,,,,,,,
312,12/28/2022,Cold coffee,Beverages,40,1,40,Cash,Mrs.,Night,12/28/2022,,,,,,,,,,,
313,4/19/2022,Cold coffee,Beverages,40,1,40,Cash,Mr.,Midnight,4/19/2022,,,,,,,,,,,
314,2/27/2023,Frankie,Fastfood,50,8,400,Online,Mrs.,Morning,2/27/2023,,,,,,,,,,,
315,2/20/2023,Cold coffee,Beverages,40,13,520,Online,Mrs.,Afternoon,2/20/2023,,,,,,,,,,,
316,11-02-2022,Frankie,Fastfood,50,4,200,Online,Mr.,Morning,Friday,,,,,,,,,,,
317,03-10-2023,Aalopuri,Fastfood,20,12,240,Online,Mrs.,Afternoon,Tuesday,,,,,,,,,,,
318,12/21/2022,Aalopuri,Fastfood,20,10,200,Online,Mrs.,Midnight,12/21/2022,,,,,,,,,,,
319,6/30/2022,Frankie,Fastfood,50,15,750,Cash,Mr.,Afternoon,6/30/2022,,,,,,,,,,,
320,3/18/2023,Sugarcane juice,Beverages,25,7,175,Cash,Mrs.,Afternoon,3/18/2023,,,,,,,,,,,
321,02-08-2023,Frankie,Fastfood,50,12,600,Cash,Mrs.,Evening,Wednesday,,,,,,,,,,,
322,05-05-2022,Cold coffee,Beverages,40,11,440,Cash,Mr.,Morning,Thursday,,,,,,,,,,,
323,12/29/2022,Aalopuri,Fastfood,20,4,80,Cash,Mr.,Morning,12/29/2022,,,,,,,,,,,
324,7/18/2022,Sugarcane juice,Beverages,25,15,375,Online,Mrs.,Night,7/18/2022,,,,,,,,,,,
325,03-02-2023,Aalopuri,Fastfood,20,12,240,,Mrs.,Afternoon,Friday,,,,,,,,,,,
326,05-03-2022,Sandwich,Fastfood,60,8,480,Cash,Mr.,Evening,Saturday,,,,,,,,,,,
327,11/29/2022,Frankie,Fastfood,50,15,750,Cash,Mrs.,Midnight,11/29/2022,,,,,,,,,,,
328,6/16/2022,Vadapav,Fastfood,20,3,60,Online,Mr.,Evening,6/16/2022,,,,,,,,,,,
329,01-10-2023,Panipuri,Fastfood,20,7,140,Online,Mrs.,Afternoon,Sunday,,,,,,,,,,,
330,9/22/2022,Panipuri,Fastfood,20,8,160,,Mr.,Morning,9/22/2022,,,,,,,,,,,
331,8/21/2022,Panipuri,Fastfood,20,4,80,Online,Mrs.,Evening,8/21/2022,,,,,,,,,,,
332,2/17/2023,Aalopuri,Fastfood,20,2,40,,Mrs.,Afternoon,2/17/2023,,,,,,,,,,,
333,10/30/2022,Sugarcane juice,Beverages,25,11,275,Cash,Mrs.,Afternoon,10/30/2022,,,,,,,,,,,
334,04-04-2022,Cold coffee,Beverages,40,4,160,Cash,Mrs.,Evening,Monday,,,,,,,,,,,
335,10/24/2022,Cold coffee,Beverages,40,11,440,Cash,Mr.,Night,10/24/2022,,,,,,,,,,,
336,09-03-2022,Sugarcane juice,Beverages,25,13,325,,Mrs.,Midnight,Wednesday,,,,,,,,,,,
337,10/15/2022,Aalopuri,Fastfood,20,14,280,Online,Mrs.,Midnight,10/15/2022,,,,,,,,,,,
338,05-06-2022,Sugarcane juice,Beverages,25,12,300,Cash,Mr.,Morning,Sunday,,,,,,,,,,,
339,2/16/2023,Sugarcane juice,Beverages,25,1,25,,Mrs.,Midnight,2/16/2023,,,,,,,,,,,
340,06-02-2022,Cold coffee,Beverages,40,4,160,Cash,Mrs.,Evening,Sunday,,,,,,,,,,,
341,3/19/2023,Frankie,Fastfood,50,9,450,Cash,Mrs.,Evening,3/19/2023,,,,,,,,,,,
342,03-11-2023,Vadapav,Fastfood,20,7,140,Online,Mr.,Afternoon,Friday,,,,,,,,,,,
343,1/18/2023,Sugarcane juice,Beverages,25,5,125,Cash,Mr.,Afternoon,1/18/2023,,,,,,,,,,,
344,5/13/2022,Cold coffee,Beverages,40,14,560,Cash,Mr.,Night,5/13/2022,,,,,,,,,,,
345,05-09-2022,Panipuri,Fastfood,20,14,280,Online,Mrs.,Night,Monday,,,,,,,,,,,
346,1/31/2023,Cold coffee,Beverages,40,12,480,Cash,Mr.,Morning,1/31/2023,,,,,,,,,,,
347,6/24/2022,Frankie,Fastfood,50,7,350,Cash,Mrs.,Afternoon,6/24/2022,,,,,,,,,,,
348,9/19/2022,Vadapav,Fastfood,20,1,20,Online,Mrs.,Midnight,9/19/2022,,,,,,,,,,,
349,8/17/2022,Panipuri,Fastfood,20,5,100,Cash,Mrs.,Evening,8/17/2022,,,,,,,,,,,
350,9/21/2022,Cold coffee,Beverages,40,8,320,Online,Mrs.,Morning,9/21/2022,,,,,,,,,,,
351,07-08-2022,Frankie,Fastfood,50,5,250,Online,Mrs.,Night,Sunday,,,,,,,,,,,
352,5/25/2022,Frankie,Fastfood,50,11,550,Cash,Mrs.,Night,5/25/2022,,,,,,,,,,,
353,5/18/2022,Vadapav,Fastfood,20,4,80,Online,Mrs.,Midnight,5/18/2022,,,,,,,,,,,
354,1/16/2023,Panipuri,Fastfood,20,14,280,Online,Mr.,Midnight,1/16/2023,,,,,,,,,,,
355,3/15/2023,Cold coffee,Beverages,40,4,160,Online,Mr.,Midnight,3/15/2023,,,,,,,,,,,
356,5/26/2022,Sugarcane juice,Beverages,25,14,350,Cash,Mrs.,Night,5/26/2022,,,,,,,,,,,
357,9/21/2022,Sandwich,Fastfood,60,9,540,Online,Mrs.,Afternoon,9/21/2022,,,,,,,,,,,
358,10/27/2022,Aalopuri,Fastfood,20,6,120,Cash,Mr.,Night,10/27/2022,,,,,,,,,,,
359,8/27/2022,Aalopuri,Fastfood,20,13,260,Online,Mrs.,Night,8/27/2022,,,,,,,,,,,
360,10-06-2022,Cold coffee,Beverages,40,2,80,Online,Mrs.,Midnight,Friday,,,,,,,,,,,
361,6/30/2022,Sandwich,Fastfood,60,15,900,,Mrs.,Night,6/30/2022,,,,,,,,,,,
362,12/30/2022,Sugarcane juice,Beverages,25,2,50,Cash,Mr.,Morning,12/30/2022,,,,,,,,,,,
363,05-09-2022,Frankie,Fastfood,50,9,450,Online,Mr.,Afternoon,Monday,,,,,,,,,,,
364,10-11-2022,Cold coffee,Beverages,40,2,80,Online,Mr.,Night,Thursday,,,,,,,,,,,
365,07-08-2022,Panipuri,Fastfood,20,10,200,Online,Mr.,Night,Sunday,,,,,,,,,,,
366,11/30/2022,Sugarcane juice,Beverages,25,10,250,Online,Mrs.,Afternoon,11/30/2022,,,,,,,,,,,
367,08-10-2022,Panipuri,Fastfood,20,6,120,,Mr.,Afternoon,Saturday,,,,,,,,,,,
368,8/31/2022,Cold coffee,Beverages,40,2,80,Cash,Mr.,Night,8/31/2022,,,,,,,,,,,
369,07-03-2022,Sandwich,Fastfood,60,2,120,Online,Mrs.,Evening,Monday,,,,,,,,,,,
370,5/28/2022,Panipuri,Fastfood,20,5,100,,Mrs.,Midnight,5/28/2022,,,,,,,,,,,
371,10/18/2022,Vadapav,Fastfood,20,5,100,Online,Mrs.,Night,10/18/2022,,,,,,,,,,,
372,11/19/2022,Frankie,Fastfood,50,12,600,,Mr.,Morning,11/19/2022,,,,,,,,,,,
373,05-08-2022,Sugarcane juice,Beverages,25,12,300,Cash,Mrs.,Midnight,Friday,,,,,,,,,,,
374,7/24/2022,Frankie,Fastfood,50,10,500,Online,Mr.,Midnight,7/24/2022,,,,,,,,,,,
375,11/17/2022,Panipuri,Fastfood,20,13,260,Cash,Mr.,Evening,11/17/2022,,,,,,,,,,,
376,12-04-2022,Frankie,Fastfood,50,15,750,Cash,Mr.,Midnight,Tuesday,,,,,,,,,,,
377,5/20/2022,Sugarcane juice,Beverages,25,3,75,Online,Mrs.,Evening,5/20/2022,,,,,,,,,,,
378,4/24/2022,Vadapav,Fastfood,20,2,40,Cash,Mrs.,Midnight,4/24/2022,,,,,,,,,,,
379,2/15/2023,Cold coffee,Beverages,40,14,560,,Mr.,Afternoon,2/15/2023,,,,,,,,,,,
380,10/20/2022,Sandwich,Fastfood,60,5,300,Online,Mrs.,Afternoon,10/20/2022,,,,,,,,,,,
381,2/26/2023,Vadapav,Fastfood,20,1,20,Online,Mr.,Morning,2/26/2023,,,,,,,,,,,
382,8/16/2022,Cold coffee,Beverages,40,9,360,Cash,Mrs.,Night,8/16/2022,,,,,,,,,,,
383,05-06-2022,Aalopuri,Fastfood,20,7,140,Online,Mrs.,Morning,Sunday,,,,,,,,,,,
384,10/22/2022,Sugarcane juice,Beverages,25,1,25,Online,Mr.,Afternoon,10/22/2022,,,,,,,,,,,
385,4/25/2022,Vadapav,Fastfood,20,5,100,Cash,Mr.,Morning,4/25/2022,,,,,,,,,,,
386,11/23/2022,Frankie,Fastfood,50,5,250,Online,Mr.,Midnight,11/23/2022,,,,,,,,,,,
387,3/17/2023,Sugarcane juice,Beverages,25,14,350,Cash,Mrs.,Midnight,3/17/2023,,,,,,,,,,,
388,10-09-2022,Sandwich,Fastfood,60,14,840,Cash,Mr.,Evening,Saturday,,,,,,,,,,,
389,12/22/2022,Sandwich,Fastfood,60,12,720,Cash,Mrs.,Evening,12/22/2022,,,,,,,,,,,
390,6/18/2022,Sugarcane juice,Beverages,25,5,125,,Mr.,Midnight,6/18/2022,,,,,,,,,,,
391,4/21/2022,Aalopuri,Fastfood,20,1,20,Online,Mrs.,Night,4/21/2022,,,,,,,,,,,
392,9/18/2022,Aalopuri,Fastfood,20,15,300,Online,Mr.,Night,9/18/2022,,,,,,,,,,,
393,07-02-2022,Sugarcane juice,Beverages,25,10,250,Online,Mrs.,Evening,Monday,,,,,,,,,,,
394,04-03-2022,Sandwich,Fastfood,60,1,60,Cash,Mrs.,Morning,Friday,,,,,,,,,,,
395,1/31/2023,Sandwich,Fastfood,60,3,180,Cash,Mrs.,Evening,1/31/2023,,,,,,,,,,,
396,10/31/2022,Frankie,Fastfood,50,15,750,Online,Mr.,Morning,10/31/2022,,,,,,,,,,,
397,07-06-2022,Aalopuri,Fastfood,20,2,40,Online,Mrs.,Afternoon,Tuesday,,,,,,,,,,,
398,1/13/2023,Panipuri,Fastfood,20,6,120,Online,Mr.,Evening,1/13/2023,,,,,,,,,,,
399,6/24/2022,Panipuri,Fastfood,20,9,180,Cash,Mrs.,Evening,6/24/2022,,,,,,,,,,,
400,03-04-2023,Cold coffee,Beverages,40,15,600,Cash,Mrs.,Morning,Monday,,,,,,,,,,,
401,10-11-2022,Sugarcane juice,Beverages,25,8,200,Online,Mrs.,Midnight,Thursday,,,,,,,,,,,
402,3/19/2023,Frankie,Fastfood,50,7,350,Cash,Mr.,Night,3/19/2023,,,,,,,,,,,
403,9/25/2022,Cold coffee,Beverages,40,3,120,Online,Mrs.,Midnight,9/25/2022,,,,,,,,,,,
404,11/26/2022,Frankie,Fastfood,50,7,350,Cash,Mrs.,Midnight,11/26/2022,,,,,,,,,,,
405,12/13/2022,Sugarcane juice,Beverages,25,10,250,Cash,Mr.,Night,12/13/2022,,,,,,,,,,,
406,10/13/2022,Cold coffee,Beverages,40,4,160,Online,Mrs.,Afternoon,10/13/2022,,,,,,,,,,,
407,01-02-2023,Sugarcane juice,Beverages,25,2,50,Cash,Mr.,Evening,Wednesday,,,,,,,,,,,
408,10-05-2022,Vadapav,Fastfood,20,4,80,Online,Mr.,Midnight,Tuesday,,,,,,,,,,,
409,9/15/2022,Aalopuri,Fastfood,20,9,180,Cash,Mrs.,Morning,9/15/2022,,,,,,,,,,,
410,11/23/2022,Aalopuri,Fastfood,20,15,300,Online,Mr.,Afternoon,11/23/2022,,,,,,,,,,,
411,11/20/2022,Panipuri,Fastfood,20,12,240,Cash,Mr.,Afternoon,11/20/2022,,,,,,,,,,,
412,03-09-2023,Sugarcane juice,Beverages,25,14,350,,Mr.,Afternoon,Sunday,,,,,,,,,,,
413,04-03-2022,Aalopuri,Fastfood,20,10,200,Online,Mrs.,Midnight,Friday,,,,,,,,,,,
414,1/21/2023,Cold coffee,Beverages,40,13,520,,Mr.,Night,1/21/2023,,,,,,,,,,,
415,12-05-2022,Vadapav,Fastfood,20,8,160,Online,Mr.,Evening,Thursday,,,,,,,,,,,
416,08-05-2022,Sandwich,Fastfood,60,9,540,,Mr.,Morning,Sunday,,,,,,,,,,,
417,1/16/2023,Panipuri,Fastfood,20,3,60,Cash,Mr.,Evening,1/16/2023,,,,,,,,,,,
418,11-12-2022,Cold coffee,Beverages,40,7,280,Online,Mr.,Night,Sunday,,,,,,,,,,,
419,10-08-2022,Sugarcane juice,Beverages,25,14,350,,Mrs.,Midnight,Wednesday,,,,,,,,,,,
420,1/30/2023,Frankie,Fastfood,50,13,650,Online,Mrs.,Evening,1/30/2023,,,,,,,,,,,
421,3/24/2023,Cold coffee,Beverages,40,2,80,Online,Mr.,Midnight,3/24/2023,,,,,,,,,,,
422,08-02-2022,Cold coffee,Beverages,40,7,280,Online,Mr.,Evening,Tuesday,,,,,,,,,,,
423,10/21/2022,Frankie,Fastfood,50,7,350,Cash,Mrs.,Night,10/21/2022,,,,,,,,,,,
424,4/21/2022,Sugarcane juice,Beverages,25,9,225,Online,Mrs.,Midnight,4/21/2022,,,,,,,,,,,
425,8/17/2022,Panipuri,Fastfood,20,14,280,Online,Mr.,Afternoon,8/17/2022,,,,,,,,,,,
426,1/20/2023,Frankie,Fastfood,50,14,700,Cash,Mr.,Midnight,1/20/2023,,,,,,,,,,,
427,5/21/2022,Sandwich,Fastfood,60,2,120,Online,Mr.,Afternoon,5/21/2022,,,,,,,,,,,
428,12/24/2022,Sugarcane juice,Beverages,25,8,200,Online,Mr.,Afternoon,12/24/2022,,,,,,,,,,,
429,9/19/2022,Cold coffee,Beverages,40,3,120,Online,Mr.,Night,9/19/2022,,,,,,,,,,,
430,11-05-2022,Sandwich,Fastfood,60,4,240,Online,Mr.,Night,Wednesday,,,,,,,,,,,
431,3/16/2023,Panipuri,Fastfood,20,6,120,Online,Mr.,Evening,3/16/2023,,,,,,,,,,,
432,3/27/2023,Panipuri,Fastfood,20,6,120,Online,Mr.,Afternoon,3/27/2023,,,,,,,,,,,
433,5/27/2022,Panipuri,Fastfood,20,14,280,Online,Mrs.,Evening,5/27/2022,,,,,,,,,,,
434,8/21/2022,Aalopuri,Fastfood,20,12,240,Cash,Mr.,Morning,8/21/2022,,,,,,,,,,,
435,05-08-2022,Sandwich,Fastfood,60,1,60,Cash,Mrs.,Afternoon,Friday,,,,,,,,,,,
436,01-05-2023,Frankie,Fastfood,50,10,500,Cash,Mr.,Midnight,Monday,,,,,,,,,,,
437,8/31/2022,Cold coffee,Beverages,40,1,40,,Mr.,Morning,8/31/2022,,,,,,,,,,,
438,6/20/2022,Cold coffee,Beverages,40,5,200,Online,Mr.,Morning,6/20/2022,,,,,,,,,,,
439,9/30/2022,Frankie,Fastfood,50,13,650,Online,Mr.,Afternoon,9/30/2022,,,,,,,,,,,
440,11/28/2022,Aalopuri,Fastfood,20,7,140,Cash,Mr.,Afternoon,11/28/2022,,,,,,,,,,,
441,11-02-2022,Aalopuri,Fastfood,20,1,20,Online,Mrs.,Midnight,Friday,,,,,,,,,,,
442,8/22/2022,Sugarcane juice,Beverages,25,7,175,Online,Mrs.,Night,8/22/2022,,,,,,,,,,,
443,09-05-2022,Sugarcane juice,Beverages,25,12,300,Cash,Mrs.,Night,Monday,,,,,,,,,,,
444,9/28/2022,Frankie,Fastfood,50,4,200,,Mr.,Evening,9/28/2022,,,,,,,,,,,
445,10/22/2022,Sandwich,Fastfood,60,14,840,Online,Mrs.,Morning,10/22/2022,,,,,,,,,,,
446,8/31/2022,Cold coffee,Beverages,40,9,360,Cash,Mr.,Night,8/31/2022,,,,,,,,,,,
447,1/17/2023,Frankie,Fastfood,50,6,300,Online,Mrs.,Afternoon,1/17/2023,,,,,,,,,,,
448,7/27/2022,Vadapav,Fastfood,20,6,120,Cash,Mrs.,Evening,7/27/2022,,,,,,,,,,,
449,09-09-2022,Frankie,Fastfood,50,4,200,Cash,Mr.,Afternoon,Friday,,,,,,,,,,,
450,5/20/2022,Sugarcane juice,Beverages,25,1,25,Online,Mr.,Morning,5/20/2022,,,,,,,,,,,
451,3/15/2023,Sugarcane juice,Beverages,25,10,250,Cash,Mrs.,Midnight,3/15/2023,,,,,,,,,,,
452,12/25/2022,Frankie,Fastfood,50,5,250,Online,Mr.,Afternoon,12/25/2022,,,,,,,,,,,
453,10/20/2022,Sandwich,Fastfood,60,1,60,Online,Mrs.,Midnight,10/20/2022,,,,,,,,,,,
454,03-07-2023,Sandwich,Fastfood,60,1,60,Online,Mrs.,Evening,Monday,,,,,,,,,,,
455,03-01-2023,Cold coffee,Beverages,40,11,440,Cash,Mr.,Midnight,Tuesday,,,,,,,,,,,
456,12/31/2022,Cold coffee,Beverages,40,13,520,,Mrs.,Night,12/31/2022,,,,,,,,,,,
457,10/16/2022,Cold coffee,Beverages,40,11,440,Cash,Mr.,Evening,10/16/2022,,,,,,,,,,,
458,09-12-2022,Sugarcane juice,Beverages,25,8,200,Cash,Mrs.,Midnight,Friday,,,,,,,,,,,
459,06-08-2022,Vadapav,Fastfood,20,14,280,Cash,Mr.,Night,Saturday,,,,,,,,,,,
460,11/20/2022,Aalopuri,Fastfood,20,2,40,Cash,Mr.,Morning,11/20/2022,,,,,,,,,,,
461,7/22/2022,Sugarcane juice,Beverages,25,5,125,Cash,Mr.,Midnight,7/22/2022,,,,,,,,,,,
462,4/24/2022,Vadapav,Fastfood,20,3,60,Cash,Mr.,Morning,4/24/2022,,,,,,,,,,,
463,06-11-2022,Sandwich,Fastfood,60,6,360,Online,Mr.,Midnight,Sunday,,,,,,,,,,,
464,10/18/2022,Sugarcane juice,Beverages,25,13,325,Cash,Mr.,Morning,10/18/2022,,,,,,,,,,,
465,1/15/2023,Sugarcane juice,Beverages,25,12,300,Online,Mr.,Evening,1/15/2023,,,,,,,,,,,
466,01-11-2023,Panipuri,Fastfood,20,6,120,Cash,Mr.,Evening,Wednesday,,,,,,,,,,,
467,10/17/2022,Aalopuri,Fastfood,20,11,220,Online,Mr.,Morning,10/17/2022,,,,,,,,,,,
468,09-08-2022,Panipuri,Fastfood,20,2,40,Cash,Mr.,Evening,Tuesday,,,,,,,,,,,
469,5/15/2022,Sandwich,Fastfood,60,7,420,Online,Mrs.,Morning,5/15/2022,,,,,,,,,,,
470,9/29/2022,Vadapav,Fastfood,20,8,160,Cash,Mrs.,Morning,9/29/2022,,,,,,,,,,,
471,2/13/2023,Panipuri,Fastfood,20,7,140,Cash,Mrs.,Afternoon,2/13/2023,,,,,,,,,,,
472,01-11-2023,Panipuri,Fastfood,20,10,200,,Mr.,Midnight,Wednesday,,,,,,,,,,,
473,09-04-2022,Sandwich,Fastfood,60,5,300,Cash,Mrs.,Evening,Saturday,,,,,,,,,,,
474,8/28/2022,Sugarcane juice,Beverages,25,15,375,Cash,Mrs.,Night,8/28/2022,,,,,,,,,,,
475,2/24/2023,Cold coffee,Beverages,40,6,240,Cash,Mrs.,Night,2/24/2023,,,,,,,,,,,
476,02-02-2023,Aalopuri,Fastfood,20,10,200,Cash,Mr.,Morning,Thursday,,,,,,,,,,,
477,2/13/2023,Sandwich,Fastfood,60,15,900,Cash,Mrs.,Midnight,2/13/2023,,,,,,,,,,,
478,12/27/2022,Sugarcane juice,Beverages,25,9,225,Cash,Mrs.,Afternoon,12/27/2022,,,,,,,,,,,
479,2/13/2023,Sandwich,Fastfood,60,11,660,Cash,Mrs.,Afternoon,2/13/2023,,,,,,,,,,,
480,10-02-2022,Vadapav,Fastfood,20,12,240,Cash,Mr.,Evening,Thursday,,,,,,,,,,,
481,10/29/2022,Sugarcane juice,Beverages,25,4,100,Cash,Mr.,Evening,10/29/2022,,,,,,,,,,,
482,1/31/2023,Aalopuri,Fastfood,20,1,20,Online,Mr.,Afternoon,1/31/2023,,,,,,,,,,,
483,4/27/2022,Panipuri,Fastfood,20,9,180,Cash,Mrs.,Morning,4/27/2022,,,,,,,,,,,
484,3/21/2023,Cold coffee,Beverages,40,5,200,Cash,Mrs.,Afternoon,3/21/2023,,,,,,,,,,,
485,2/26/2023,Aalopuri,Fastfood,20,6,120,Cash,Mrs.,Midnight,2/26/2023,,,,,,,,,,,
486,2/14/2023,Vadapav,Fastfood,20,6,120,Cash,Mrs.,Midnight,2/14/2023,,,,,,,,,,,
487,5/27/2022,Sandwich,Fastfood,60,9,540,Cash,Mrs.,Midnight,5/27/2022,,,,,,,,,,,
488,9/21/2022,Cold coffee,Beverages,40,10,400,Cash,Mr.,Midnight,9/21/2022,,,,,,,,,,,
489,02-03-2023,Frankie,Fastfood,50,13,650,Online,Mrs.,Evening,Thursday,,,,,,,,,,,
490,12/26/2022,Cold coffee,Beverages,40,8,320,Cash,Mr.,Morning,12/26/2022,,,,,,,,,,,
491,5/31/2022,Vadapav,Fastfood,20,2,40,Online,Mrs.,Midnight,5/31/2022,,,,,,,,,,,
492,07-11-2022,Sandwich,Fastfood,60,15,900,Cash,Mr.,Afternoon,Monday,,,,,,,,,,,
493,10-02-2022,Cold coffee,Beverages,40,2,80,Online,Mr.,Morning,Thursday,,,,,,,,,,,
494,1/14/2023,Cold coffee,Beverages,40,10,400,Cash,Mrs.,Night,1/14/2023,,,,,,,,,,,
495,10/20/2022,Aalopuri,Fastfood,20,13,260,Online,Mrs.,Midnight,10/20/2022,,,,,,,,,,,
496,11-07-2022,Cold coffee,Beverages,40,10,400,Online,Mrs.,Night,Monday,,,,,,,,,,,
497,1/25/2023,Sandwich,Fastfood,60,7,420,Cash,Mr.,Midnight,1/25/2023,,,,,,,,,,,
498,6/16/2022,Frankie,Fastfood,50,1,50,Cash,Mr.,Midnight,6/16/2022,,,,,,,,,,,
499,7/27/2022,Sandwich,Fastfood,60,8,480,Online,Mrs.,Evening,7/27/2022,,,,,,,,,,,
500,04-08-2022,Vadapav,Fastfood,20,4,80,Online,Mrs.,Midnight,Thursday,,,,,,,,,,,
501,08-09-2022,Sugarcane juice,Beverages,25,14,350,Online,Mrs.,Afternoon,Thursday,,,,,,,,,,,
502,01-04-2023,Panipuri,Fastfood,20,13,260,Online,Mr.,Night,Saturday,,,,,,,,,,,
503,11-04-2022,Aalopuri,Fastfood,20,13,260,Cash,Mrs.,Morning,Monday,,,,,,,,,,,
504,12-09-2022,Cold coffee,Beverages,40,8,320,Cash,Mr.,Evening,Monday,,,,,,,,,,,
505,02-12-2023,Frankie,Fastfood,50,4,200,Cash,Mr.,Night,Saturday,,,,,,,,,,,
506,12/26/2022,Cold coffee,Beverages,40,12,480,Cash,Mrs.,Midnight,12/26/2022,,,,,,,,,,,
507,12/14/2022,Aalopuri,Fastfood,20,14,280,Online,Mrs.,Morning,12/14/2022,,,,,,,,,,,
508,12-10-2022,Sandwich,Fastfood,60,1,60,Cash,Mr.,Night,Wednesday,,,,,,,,,,,
509,10/26/2022,Vadapav,Fastfood,20,11,220,Online,Mr.,Evening,10/26/2022,,,,,,,,,,,
510,04-04-2022,Sandwich,Fastfood,60,14,840,Online,Mr.,Afternoon,Monday,,,,,,,,,,,
511,08-02-2022,Panipuri,Fastfood,20,4,80,Cash,Mrs.,Night,Tuesday,,,,,,,,,,,
512,01-11-2023,Panipuri,Fastfood,20,3,60,Cash,Mrs.,Afternoon,Wednesday,,,,,,,,,,,
513,7/16/2022,Cold coffee,Beverages,40,5,200,Cash,Mrs.,Night,7/16/2022,,,,,,,,,,,
514,8/24/2022,Cold coffee,Beverages,40,8,320,Online,Mrs.,Evening,8/24/2022,,,,,,,,,,,
515,11-02-2022,Sandwich,Fastfood,60,7,420,,Mrs.,Night,Friday,,,,,,,,,,,
516,9/22/2022,Sugarcane juice,Beverages,25,12,300,Online,Mrs.,Midnight,9/22/2022,,,,,,,,,,,
517,07-02-2022,Panipuri,Fastfood,20,13,260,Online,Mr.,Evening,Monday,,,,,,,,,,,
518,12-09-2022,Aalopuri,Fastfood,20,6,120,Cash,Mrs.,Morning,Monday,,,,,,,,,,,
519,11/25/2022,Cold coffee,Beverages,40,10,400,Cash,Mr.,Morning,11/25/2022,,,,,,,,,,,
520,04-03-2022,Panipuri,Fastfood,20,11,220,Online,Mrs.,Night,Friday,,,,,,,,,,,
521,1/27/2023,Panipuri,Fastfood,20,14,280,Online,Mr.,Morning,1/27/2023,,,,,,,,,,,
522,12/29/2022,Panipuri,Fastfood,20,13,260,Cash,Mrs.,Midnight,12/29/2022,,,,,,,,,,,
523,11-03-2022,Frankie,Fastfood,50,6,300,Cash,Mr.,Afternoon,Friday,,,,,,,,,,,
524,05-01-2022,Aalopuri,Fastfood,20,13,260,Online,Mr.,Afternoon,Wednesday,,,,,,,,,,,
525,05-04-2022,Vadapav,Fastfood,20,3,60,Cash,Mr.,Midnight,Tuesday,,,,,,,,,,,
526,07-04-2022,Sandwich,Fastfood,60,10,600,Cash,Mrs.,Evening,Thursday,,,,,,,,,,,
527,01-06-2023,Sugarcane juice,Beverages,25,6,150,Cash,Mrs.,Afternoon,Thursday,,,,,,,,,,,
528,07-01-2022,Sugarcane juice,Beverages,25,7,175,Cash,Mrs.,Midnight,Friday,,,,,,,,,,,
529,5/15/2022,Aalopuri,Fastfood,20,12,240,,Mrs.,Afternoon,5/15/2022,,,,,,,,,,,
530,7/27/2022,Panipuri,Fastfood,20,6,120,Cash,Mrs.,Night,7/27/2022,,,,,,,,,,,
531,10-04-2022,Cold coffee,Beverages,40,10,400,Cash,Mr.,Night,Sunday,,,,,,,,,,,
532,3/27/2023,Panipuri,Fastfood,20,13,260,Online,Mrs.,Midnight,3/27/2023,,,,,,,,,,,
533,02-05-2023,Frankie,Fastfood,50,2,100,,Mrs.,Night,Tuesday,,,,,,,,,,,
534,5/16/2022,Vadapav,Fastfood,20,2,40,Online,Mrs.,Night,5/16/2022,,,,,,,,,,,
535,09-05-2022,Sandwich,Fastfood,60,4,240,Online,Mr.,Midnight,Monday,,,,,,,,,,,
536,03-01-2023,Sugarcane juice,Beverages,25,7,175,Cash,Mrs.,Evening,Tuesday,,,,,,,,,,,
537,1/25/2023,Panipuri,Fastfood,20,3,60,Cash,Mr.,Evening,1/25/2023,,,,,,,,,,,
538,06-05-2022,Panipuri,Fastfood,20,7,140,Online,Mr.,Morning,Friday,,,,,,,,,,,
539,09-07-2022,Panipuri,Fastfood,20,3,60,Online,Mr.,Evening,Saturday,,,,,,,,,,,
540,5/27/2022,Vadapav,Fastfood,20,13,260,Cash,Mr.,Afternoon,5/27/2022,,,,,,,,,,,
541,7/30/2022,Panipuri,Fastfood,20,12,240,Cash,Mr.,Night,7/30/2022,,,,,,,,,,,
542,08-04-2022,Sugarcane juice,Beverages,25,9,225,Cash,Mr.,Evening,Friday,,,,,,,,,,,
543,04-10-2022,Aalopuri,Fastfood,20,15,300,Cash,Mrs.,Evening,Tuesday,,,,,,,,,,,
544,12/14/2022,Sandwich,Fastfood,60,15,900,Online,Mrs.,Morning,12/14/2022,,,,,,,,,,,
545,01-01-2023,Sandwich,Fastfood,60,13,780,Online,Mrs.,Midnight,Sunday,,,,,,,,,,,
546,07-09-2022,Aalopuri,Fastfood,20,1,20,Cash,Mrs.,Midnight,Wednesday,,,,,,,,,,,
547,5/14/2022,Cold coffee,Beverages,40,10,400,Online,Mr.,Morning,5/14/2022,,,,,,,,,,,
548,3/29/2023,Cold coffee,Beverages,40,14,560,Cash,Mr.,Afternoon,3/29/2023,,,,,,,,,,,
549,4/15/2022,Sugarcane juice,Beverages,25,3,75,Online,Mr.,Afternoon,4/15/2022,,,,,,,,,,,
550,11/15/2022,Cold coffee,Beverages,40,15,600,Online,Mr.,Afternoon,11/15/2022,,,,,,,,,,,
551,7/30/2022,Sugarcane juice,Beverages,25,7,175,Cash,Mr.,Evening,7/30/2022,,,,,,,,,,,
552,09-12-2022,Sugarcane juice,Beverages,25,15,375,Cash,Mrs.,Midnight,Friday,,,,,,,,,,,
553,11-11-2022,Panipuri,Fastfood,20,14,280,Cash,Mr.,Evening,Friday,,,,,,,,,,,
554,03-09-2023,Panipuri,Fastfood,20,4,80,Cash,Mrs.,Afternoon,Sunday,,,,,,,,,,,
555,4/16/2022,Sandwich,Fastfood,60,6,360,Cash,Mrs.,Evening,4/16/2022,,,,,,,,,,,
556,2/27/2023,Vadapav,Fastfood,20,9,180,Cash,Mrs.,Night,2/27/2023,,,,,,,,,,,
557,6/30/2022,Sandwich,Fastfood,60,2,120,Cash,Mrs.,Evening,6/30/2022,,,,,,,,,,,
558,10-01-2022,Panipuri,Fastfood,20,5,100,Online,Mr.,Morning,Monday,,,,,,,,,,,
559,8/31/2022,Cold coffee,Beverages,40,5,200,Online,Mrs.,Night,8/31/2022,,,,,,,,,,,
560,12-10-2022,Sugarcane juice,Beverages,25,1,25,Cash,Mr.,Evening,Wednesday,,,,,,,,,,,
561,6/13/2022,Panipuri,Fastfood,20,1,20,Cash,Mrs.,Midnight,6/13/2022,,,,,,,,,,,
562,08-09-2022,Frankie,Fastfood,50,4,200,Cash,Mr.,Afternoon,Thursday,,,,,,,,,,,
563,10/13/2022,Frankie,Fastfood,50,7,350,Online,Mrs.,Evening,10/13/2022,,,,,,,,,,,
564,9/27/2022,Cold coffee,Beverages,40,2,80,,Mr.,Morning,9/27/2022,,,,,,,,,,,
565,9/27/2022,Panipuri,Fastfood,20,15,300,Cash,Mr.,Evening,9/27/2022,,,,,,,,,,,
566,7/19/2022,Frankie,Fastfood,50,3,150,Cash,Mr.,Evening,7/19/2022,,,,,,,,,,,
567,10/16/2022,Cold coffee,Beverages,40,7,280,Online,Mrs.,Afternoon,10/16/2022,,,,,,,,,,,
568,12/29/2022,Panipuri,Fastfood,20,12,240,,Mrs.,Afternoon,12/29/2022,,,,,,,,,,,
569,01-02-2023,Cold coffee,Beverages,40,15,600,Online,Mrs.,Midnight,Wednesday,,,,,,,,,,,
570,9/15/2022,Sugarcane juice,Beverages,25,4,100,Cash,Mr.,Morning,9/15/2022,,,,,,,,,,,
571,11/28/2022,Sugarcane juice,Beverages,25,1,25,Cash,Mrs.,Evening,11/28/2022,,,,,,,,,,,
572,04-02-2022,Sandwich,Fastfood,60,15,900,Cash,Mr.,Afternoon,Friday,,,,,,,,,,,
573,09-07-2022,Frankie,Fastfood,50,2,100,Cash,Mr.,Afternoon,Saturday,,,,,,,,,,,
574,10/22/2022,Aalopuri,Fastfood,20,1,20,Cash,Mrs.,Night,10/22/2022,,,,,,,,,,,
575,12/24/2022,Vadapav,Fastfood,20,1,20,Online,Mrs.,Midnight,12/24/2022,,,,,,,,,,,
576,3/23/2023,Panipuri,Fastfood,20,12,240,Cash,Mrs.,Afternoon,3/23/2023,,,,,,,,,,,
577,09-06-2022,Cold coffee,Beverages,40,7,280,Cash,Mr.,Evening,Thursday,,,,,,,,,,,
578,6/30/2022,Frankie,Fastfood,50,5,250,Online,Mrs.,Night,6/30/2022,,,,,,,,,,,
579,4/27/2022,Panipuri,Fastfood,20,2,40,Cash,Mr.,Evening,4/27/2022,,,,,,,,,,,
580,07-01-2022,Panipuri,Fastfood,20,10,200,Online,Mr.,Night,Friday,,,,,,,,,,,
581,4/23/2022,Sugarcane juice,Beverages,25,13,325,Cash,Mr.,Afternoon,4/23/2022,,,,,,,,,,,
582,05-12-2022,Aalopuri,Fastfood,20,13,260,Cash,Mr.,Morning,Monday,,,,,,,,,,,
583,5/31/2022,Frankie,Fastfood,50,8,400,Cash,Mr.,Night,5/31/2022,,,,,,,,,,,
584,12-04-2022,Cold coffee,Beverages,40,15,600,Cash,Mr.,Morning,Tuesday,,,,,,,,,,,
585,03-05-2023,Vadapav,Fastfood,20,11,220,Cash,Mrs.,Morning,Wednesday,,,,,,,,,,,
586,5/22/2022,Sandwich,Fastfood,60,15,900,Online,Mr.,Night,5/22/2022,,,,,,,,,,,
587,04-09-2022,Aalopuri,Fastfood,20,10,200,Cash,Mrs.,Night,Sunday,,,,,,,,,,,
588,6/16/2022,Frankie,Fastfood,50,11,550,Cash,Mrs.,Morning,6/16/2022,,,,,,,,,,,
589,8/25/2022,Cold coffee,Beverages,40,5,200,Cash,Mr.,Night,8/25/2022,,,,,,,,,,,
590,3/27/2023,Panipuri,Fastfood,20,15,300,Online,Mr.,Midnight,3/27/2023,,,,,,,,,,,
591,10-01-2022,Sandwich,Fastfood,60,13,780,Cash,Mrs.,Morning,Monday,,,,,,,,,,,
592,12-04-2022,Sugarcane juice,Beverages,25,7,175,Cash,Mr.,Morning,Tuesday,,,,,,,,,,,
593,2/16/2023,Sugarcane juice,Beverages,25,9,225,Cash,Mrs.,Evening,2/16/2023,,,,,,,,,,,
594,1/20/2023,Frankie,Fastfood,50,6,300,Cash,Mrs.,Morning,1/20/2023,,,,,,,,,,,
595,2/22/2023,Frankie,Fastfood,50,9,450,Online,Mr.,Afternoon,2/22/2023,,,,,,,,,,,
596,4/26/2022,Cold coffee,Beverages,40,1,40,Online,Mrs.,Night,4/26/2022,,,,,,,,,,,
597,11/30/2022,Panipuri,Fastfood,20,10,200,Online,Mr.,Midnight,11/30/2022,,,,,,,,,,,
598,08-02-2022,Cold coffee,Beverages,40,8,320,Cash,Mrs.,Afternoon,Tuesday,,,,,,,,,,,
599,10-03-2022,Frankie,Fastfood,50,13,650,Cash,Mr.,Morning,Thursday,,,,,,,,,,,
600,12/24/2022,Panipuri,Fastfood,20,6,120,Cash,Mrs.,Morning,12/24/2022,,,,,,,,,,,
601,11-01-2022,Aalopuri,Fastfood,20,12,240,Online,Mr.,Morning,Tuesday,,,,,,,,,,,
602,8/27/2022,Aalopuri,Fastfood,20,10,200,Cash,Mr.,Night,8/27/2022,,,,,,,,,,,
603,8/31/2022,Vadapav,Fastfood,20,10,200,Cash,Mrs.,Afternoon,8/31/2022,,,,,,,,,,,
604,09-08-2022,Frankie,Fastfood,50,10,500,Cash,Mrs.,Night,Tuesday,,,,,,,,,,,
605,04-04-2022,Cold coffee,Beverages,40,15,600,,Mrs.,Afternoon,Monday,,,,,,,,,,,
606,04-09-2022,Cold coffee,Beverages,40,6,240,Cash,Mrs.,Night,Sunday,,,,,,,,,,,
607,12/15/2022,Vadapav,Fastfood,20,9,180,Cash,Mrs.,Afternoon,12/15/2022,,,,,,,,,,,
608,2/28/2023,Aalopuri,Fastfood,20,1,20,Online,Mr.,Midnight,2/28/2023,,,,,,,,,,,
609,02-07-2023,Aalopuri,Fastfood,20,14,280,,Mr.,Midnight,Sunday,,,,,,,,,,,
610,05-08-2022,Frankie,Fastfood,50,13,650,Online,Mrs.,Evening,Friday,,,,,,,,,,,
611,6/25/2022,Aalopuri,Fastfood,20,2,40,Online,Mrs.,Morning,6/25/2022,,,,,,,,,,,
612,02-06-2023,Aalopuri,Fastfood,20,3,60,Online,Mr.,Midnight,Friday,,,,,,,,,,,
613,06-10-2022,Vadapav,Fastfood,20,5,100,Online,Mrs.,Night,Thursday,,,,,,,,,,,
614,12/19/2022,Vadapav,Fastfood,20,2,40,,Mr.,Morning,12/19/2022,,,,,,,,,,,
615,8/14/2022,Sandwich,Fastfood,60,14,840,,Mr.,Morning,8/14/2022,,,,,,,,,,,
616,7/15/2022,Vadapav,Fastfood,20,6,120,Online,Mrs.,Midnight,7/15/2022,,,,,,,,,,,
617,6/28/2022,Sugarcane juice,Beverages,25,2,50,Cash,Mr.,Night,6/28/2022,,,,,,,,,,,
618,04-08-2022,Frankie,Fastfood,50,1,50,Online,Mr.,Evening,Thursday,,,,,,,,,,,
619,09-09-2022,Sugarcane juice,Beverages,25,4,100,Cash,Mrs.,Morning,Friday,,,,,,,,,,,
620,9/14/2022,Panipuri,Fastfood,20,12,240,Online,Mrs.,Evening,9/14/2022,,,,,,,,,,,
621,2/13/2023,Aalopuri,Fastfood,20,2,40,Online,Mrs.,Evening,2/13/2023,,,,,,,,,,,
622,12/14/2022,Panipuri,Fastfood,20,13,260,Online,Mr.,Afternoon,12/14/2022,,,,,,,,,,,
623,04-02-2022,Cold coffee,Beverages,40,15,600,Cash,Mr.,Midnight,Friday,,,,,,,,,,,
624,03-08-2023,Sandwich,Fastfood,60,9,540,Cash,Mrs.,Morning,Thursday,,,,,,,,,,,
625,6/17/2022,Sandwich,Fastfood,60,15,900,Online,Mr.,Morning,6/17/2022,,,,,,,,,,,
626,02-01-2023,Cold coffee,Beverages,40,15,600,Cash,Mr.,Night,Monday,,,,,,,,,,,
627,6/22/2022,Sugarcane juice,Beverages,25,15,375,Online,Mr.,Afternoon,6/22/2022,,,,,,,,,,,
628,05-02-2022,Cold coffee,Beverages,40,10,400,,Mrs.,Night,Saturday,,,,,,,,,,,
629,1/20/2023,Sugarcane juice,Beverages,25,9,225,Cash,Mrs.,Evening,1/20/2023,,,,,,,,,,,
630,5/27/2022,Frankie,Fastfood,50,7,350,,Mrs.,Morning,5/27/2022,,,,,,,,,,,
631,07-01-2022,Cold coffee,Beverages,40,13,520,Cash,Mrs.,Evening,Friday,,,,,,,,,,,
632,10/28/2022,Panipuri,Fastfood,20,9,180,Online,Mrs.,Night,10/28/2022,,,,,,,,,,,
633,5/24/2022,Cold coffee,Beverages,40,3,120,Online,Mr.,Evening,5/24/2022,,,,,,,,,,,
634,7/26/2022,Panipuri,Fastfood,20,13,260,Cash,Mr.,Afternoon,7/26/2022,,,,,,,,,,,
635,02-06-2023,Vadapav,Fastfood,20,15,300,Online,Mrs.,Night,Friday,,,,,,,,,,,
636,4/26/2022,Cold coffee,Beverages,40,12,480,,Mr.,Morning,4/26/2022,,,,,,,,,,,
637,5/14/2022,Aalopuri,Fastfood,20,7,140,Cash,Mr.,Midnight,5/14/2022,,,,,,,,,,,
638,8/20/2022,Cold coffee,Beverages,40,11,440,Online,Mrs.,Afternoon,8/20/2022,,,,,,,,,,,
639,1/26/2023,Vadapav,Fastfood,20,14,280,Cash,Mrs.,Morning,1/26/2023,,,,,,,,,,,
640,01-04-2023,Sandwich,Fastfood,60,15,900,Online,Mr.,Night,Saturday,,,,,,,,,,,
641,02-09-2023,Vadapav,Fastfood,20,15,300,Cash,Mr.,Afternoon,Saturday,,,,,,,,,,,
642,05-09-2022,Cold coffee,Beverages,40,10,400,Online,Mrs.,Morning,Monday,,,,,,,,,,,
643,10/20/2022,Sugarcane juice,Beverages,25,2,50,Cash,Mr.,Afternoon,10/20/2022,,,,,,,,,,,
644,02-03-2023,Panipuri,Fastfood,20,5,100,Online,Mrs.,Evening,Thursday,,,,,,,,,,,
645,7/26/2022,Sandwich,Fastfood,60,9,540,Cash,Mrs.,Night,7/26/2022,,,,,,,,,,,
646,8/30/2022,Vadapav,Fastfood,20,14,280,Online,Mrs.,Afternoon,8/30/2022,,,,,,,,,,,
647,06-05-2022,Vadapav,Fastfood,20,3,60,Cash,Mr.,Afternoon,Friday,,,,,,,,,,,
648,5/27/2022,Sandwich,Fastfood,60,7,420,Cash,Mr.,Night,5/27/2022,,,,,,,,,,,
649,11-05-2022,Frankie,Fastfood,50,9,450,Cash,Mr.,Midnight,Wednesday,,,,,,,,,,,
650,04-07-2022,Sandwich,Fastfood,60,13,780,Online,Mrs.,Morning,Monday,,,,,,,,,,,
651,07-11-2022,Sandwich,Fastfood,60,10,600,Online,Mrs.,Midnight,Monday,,,,,,,,,,,
652,5/21/2022,Cold coffee,Beverages,40,13,520,Online,Mrs.,Afternoon,5/21/2022,,,,,,,,,,,
653,5/30/2022,Frankie,Fastfood,50,10,500,Online,Mrs.,Midnight,5/30/2022,,,,,,,,,,,
654,03-04-2023,Vadapav,Fastfood,20,9,180,Cash,Mrs.,Morning,Monday,,,,,,,,,,,
655,6/30/2022,Sugarcane juice,Beverages,25,12,300,Online,Mr.,Morning,6/30/2022,,,,,,,,,,,
656,11/28/2022,Sandwich,Fastfood,60,6,360,Online,Mrs.,Midnight,11/28/2022,,,,,,,,,,,
657,01-10-2023,Cold coffee,Beverages,40,7,280,,Mr.,Midnight,Sunday,,,,,,,,,,,
658,10-10-2022,Aalopuri,Fastfood,20,12,240,,Mrs.,Afternoon,Monday,,,,,,,,,,,
659,1/21/2023,Panipuri,Fastfood,20,2,40,Online,Mr.,Afternoon,1/21/2023,,,,,,,,,,,
660,7/25/2022,Sandwich,Fastfood,60,9,540,Cash,Mrs.,Night,7/25/2022,,,,,,,,,,,
661,10-11-2022,Frankie,Fastfood,50,7,350,Online,Mrs.,Midnight,Thursday,,,,,,,,,,,
662,2/15/2023,Panipuri,Fastfood,20,3,60,Online,Mrs.,Afternoon,2/15/2023,,,,,,,,,,,
663,02-05-2023,Sugarcane juice,Beverages,25,1,25,Online,Mr.,Night,Tuesday,,,,,,,,,,,
664,10/31/2022,Frankie,Fastfood,50,10,500,Online,Mrs.,Morning,10/31/2022,,,,,,,,,,,
665,05-06-2022,Aalopuri,Fastfood,20,14,280,Online,Mrs.,Evening,Sunday,,,,,,,,,,,
666,1/25/2023,Panipuri,Fastfood,20,9,180,Cash,Mr.,Evening,1/25/2023,,,,,,,,,,,
667,9/28/2022,Vadapav,Fastfood,20,3,60,Cash,Mrs.,Evening,9/28/2022,,,,,,,,,,,
668,05-11-2022,Aalopuri,Fastfood,20,4,80,Online,Mr.,Morning,Saturday,,,,,,,,,,,
669,3/18/2023,Sandwich,Fastfood,60,11,660,Online,Mr.,Evening,3/18/2023,,,,,,,,,,,
670,07-05-2022,Panipuri,Fastfood,20,15,300,Cash,Mr.,Night,Saturday,,,,,,,,,,,
671,10-09-2022,Sandwich,Fastfood,60,2,120,Online,Mr.,Afternoon,Saturday,,,,,,,,,,,
672,11/24/2022,Cold coffee,Beverages,40,3,120,,Mrs.,Evening,11/24/2022,,,,,,,,,,,
673,9/17/2022,Sandwich,Fastfood,60,12,720,Cash,Mr.,Midnight,9/17/2022,,,,,,,,,,,
674,7/17/2022,Sugarcane juice,Beverages,25,13,325,,Mr.,Morning,7/17/2022,,,,,,,,,,,
675,4/17/2022,Sandwich,Fastfood,60,12,720,Cash,Mr.,Night,4/17/2022,,,,,,,,,,,
676,05-04-2022,Frankie,Fastfood,50,7,350,Cash,Mrs.,Evening,Tuesday,,,,,,,,,,,
677,5/19/2022,Cold coffee,Beverages,40,3,120,Online,Mrs.,Morning,5/19/2022,,,,,,,,,,,
678,5/23/2022,Aalopuri,Fastfood,20,3,60,Online,Mr.,Evening,5/23/2022,,,,,,,,,,,
679,11-02-2022,Sandwich,Fastfood,60,12,720,Online,Mr.,Morning,Friday,,,,,,,,,,,
680,4/20/2022,Cold coffee,Beverages,40,4,160,Cash,Mr.,Night,4/20/2022,,,,,,,,,,,
681,12-09-2022,Frankie,Fastfood,50,9,450,Online,Mrs.,Night,Monday,,,,,,,,,,,
682,10-11-2022,Aalopuri,Fastfood,20,14,280,Online,Mr.,Midnight,Thursday,,,,,,,,,,,
683,08-12-2022,Frankie,Fastfood,50,15,750,Cash,Mr.,Midnight,Thursday,,,,,,,,,,,
684,9/18/2022,Vadapav,Fastfood,20,5,100,Cash,Mr.,Afternoon,9/18/2022,,,,,,,,,,,
685,5/20/2022,Aalopuri,Fastfood,20,3,60,Cash,Mrs.,Afternoon,5/20/2022,,,,,,,,,,,
686,11/25/2022,Cold coffee,Beverages,40,5,200,Cash,Mr.,Afternoon,11/25/2022,,,,,,,,,,,
687,12/18/2022,Vadapav,Fastfood,20,10,200,Cash,Mrs.,Midnight,12/18/2022,,,,,,,,,,,
688,5/14/2022,Frankie,Fastfood,50,5,250,Online,Mr.,Afternoon,5/14/2022,,,,,,,,,,,
689,8/13/2022,Vadapav,Fastfood,20,6,120,Cash,Mrs.,Afternoon,8/13/2022,,,,,,,,,,,
690,10-05-2022,Vadapav,Fastfood,20,9,180,Cash,Mrs.,Night,Tuesday,,,,,,,,,,,
691,04-01-2022,Sandwich,Fastfood,60,7,420,Cash,Mrs.,Evening,Tuesday,,,,,,,,,,,
692,1/13/2023,Frankie,Fastfood,50,14,700,Online,Mr.,Afternoon,1/13/2023,,,,,,,,,,,
693,11/29/2022,Sugarcane juice,Beverages,25,13,325,Online,Mrs.,Midnight,11/29/2022,,,,,,,,,,,
694,4/22/2022,Panipuri,Fastfood,20,14,280,Cash,Mr.,Midnight,4/22/2022,,,,,,,,,,,
695,8/24/2022,Panipuri,Fastfood,20,10,200,Online,Mrs.,Midnight,8/24/2022,,,,,,,,,,,
696,2/23/2023,Sugarcane juice,Beverages,25,3,75,Online,Mrs.,Evening,2/23/2023,,,,,,,,,,,
697,05-05-2022,Sugarcane juice,Beverages,25,5,125,Cash,Mr.,Midnight,Thursday,,,,,,,,,,,
698,11/26/2022,Panipuri,Fastfood,20,10,200,Online,Mr.,Night,11/26/2022,,,,,,,,,,,
699,09-09-2022,Cold coffee,Beverages,40,1,40,Online,Mr.,Evening,Friday,,,,,,,,,,,
700,11/15/2022,Frankie,Fastfood,50,6,300,Cash,Mrs.,Evening,11/15/2022,,,,,,,,,,,
701,7/19/2022,Sugarcane juice,Beverages,25,14,350,Online,Mrs.,Evening,7/19/2022,,,,,,,,,,,
702,3/25/2023,Cold coffee,Beverages,40,13,520,Cash,Mrs.,Afternoon,3/25/2023,,,,,,,,,,,
703,11-01-2022,Panipuri,Fastfood,20,10,200,Online,Mrs.,Afternoon,Tuesday,,,,,,,,,,,
704,8/14/2022,Sandwich,Fastfood,60,1,60,Online,Mrs.,Evening,8/14/2022,,,,,,,,,,,
705,10-07-2022,Sandwich,Fastfood,60,6,360,Online,Mr.,Evening,Sunday,,,,,,,,,,,
706,02-05-2023,Frankie,Fastfood,50,8,400,Online,Mr.,Night,Tuesday,,,,,,,,,,,
707,12/16/2022,Panipuri,Fastfood,20,2,40,Online,Mr.,Night,12/16/2022,,,,,,,,,,,
708,3/15/2023,Sandwich,Fastfood,60,5,300,Cash,Mrs.,Midnight,3/15/2023,,,,,,,,,,,
709,2/22/2023,Cold coffee,Beverages,40,6,240,Cash,Mr.,Morning,2/22/2023,,,,,,,,,,,
710,3/15/2023,Sandwich,Fastfood,60,15,900,,Mr.,Night,3/15/2023,,,,,,,,,,,
711,10/30/2022,Aalopuri,Fastfood,20,3,60,Cash,Mr.,Afternoon,10/30/2022,,,,,,,,,,,
712,12/17/2022,Vadapav,Fastfood,20,3,60,Online,Mrs.,Midnight,12/17/2022,,,,,,,,,,,
713,12-02-2022,Sugarcane juice,Beverages,25,14,350,Online,Mrs.,Morning,Saturday,,,,,,,,,,,
714,12/14/2022,Sugarcane juice,Beverages,25,14,350,Cash,Mr.,Afternoon,12/14/2022,,,,,,,,,,,
715,04-12-2022,Sandwich,Fastfood,60,1,60,Online,Mr.,Morning,Sunday,,,,,,,,,,,
716,12-03-2022,Panipuri,Fastfood,20,9,180,Cash,Mrs.,Midnight,Saturday,,,,,,,,,,,
717,10-11-2022,Sugarcane juice,Beverages,25,15,375,,Mrs.,Evening,Thursday,,,,,,,,,,,
718,12/28/2022,Aalopuri,Fastfood,20,2,40,Online,Mr.,Afternoon,12/28/2022,,,,,,,,,,,
719,05-09-2022,Vadapav,Fastfood,20,15,300,Cash,Mrs.,Midnight,Monday,,,,,,,,,,,
720,05-10-2022,Frankie,Fastfood,50,14,700,Cash,Mrs.,Morning,Wednesday,,,,,,,,,,,
721,8/13/2022,Panipuri,Fastfood,20,12,240,,Mr.,Afternoon,8/13/2022,,,,,,,,,,,
722,9/14/2022,Vadapav,Fastfood,20,15,300,,Mr.,Midnight,9/14/2022,,,,,,,,,,,
723,2/16/2023,Cold coffee,Beverages,40,10,400,Online,Mr.,Evening,2/16/2023,,,,,,,,,,,
724,6/27/2022,Frankie,Fastfood,50,10,500,Cash,Mrs.,Night,6/27/2022,,,,,,,,,,,
725,07-04-2022,Vadapav,Fastfood,20,6,120,Online,Mrs.,Afternoon,Thursday,,,,,,,,,,,
726,09-11-2022,Panipuri,Fastfood,20,1,20,Online,Mr.,Morning,Wednesday,,,,,,,,,,,
727,8/25/2022,Aalopuri,Fastfood,20,5,100,Cash,Mrs.,Midnight,8/25/2022,,,,,,,,,,,
728,08-03-2022,Vadapav,Fastfood,20,1,20,Online,Mr.,Midnight,Tuesday,,,,,,,,,,,
729,11/24/2022,Sandwich,Fastfood,60,7,420,Cash,Mr.,Night,11/24/2022,,,,,,,,,,,
730,6/28/2022,Frankie,Fastfood,50,13,650,Cash,Mrs.,Afternoon,6/28/2022,,,,,,,,,,,
731,03-09-2023,Frankie,Fastfood,50,10,500,Cash,Mrs.,Afternoon,Sunday,,,,,,,,,,,
732,6/13/2022,Panipuri,Fastfood,20,7,140,,Mrs.,Midnight,6/13/2022,,,,,,,,,,,
733,02-03-2023,Frankie,Fastfood,50,10,500,Cash,Mr.,Evening,Thursday,,,,,,,,,,,
734,10-07-2022,Frankie,Fastfood,50,7,350,Cash,Mr.,Evening,Sunday,,,,,,,,,,,
735,08-10-2022,Panipuri,Fastfood,20,11,220,Cash,Mr.,Morning,Saturday,,,,,,,,,,,
736,9/25/2022,Panipuri,Fastfood,20,13,260,,Mr.,Afternoon,9/25/2022,,,,,,,,,,,
737,9/20/2022,Frankie,Fastfood,50,13,650,Online,Mrs.,Night,9/20/2022,,,,,,,,,,,
738,03-01-2023,Sandwich,Fastfood,60,4,240,Online,Mrs.,Morning,Tuesday,,,,,,,,,,,
739,06-06-2022,Aalopuri,Fastfood,20,11,220,Online,Mr.,Night,Monday,,,,,,,,,,,
740,7/30/2022,Aalopuri,Fastfood,20,9,180,Cash,Mr.,Midnight,7/30/2022,,,,,,,,,,,
741,7/16/2022,Aalopuri,Fastfood,20,5,100,Online,Mr.,Afternoon,7/16/2022,,,,,,,,,,,
742,11/18/2022,Panipuri,Fastfood,20,14,280,Online,Mr.,Night,11/18/2022,,,,,,,,,,,
743,11-09-2022,Panipuri,Fastfood,20,1,20,Cash,Mr.,Morning,Sunday,,,,,,,,,,,
744,6/25/2022,Frankie,Fastfood,50,10,500,Cash,Mrs.,Morning,6/25/2022,,,,,,,,,,,
745,09-11-2022,Aalopuri,Fastfood,20,2,40,Online,Mr.,Evening,Wednesday,,,,,,,,,,,
746,08-05-2022,Sugarcane juice,Beverages,25,5,125,Online,Mrs.,Midnight,Sunday,,,,,,,,,,,
747,1/14/2023,Cold coffee,Beverages,40,3,120,Cash,Mrs.,Midnight,1/14/2023,,,,,,,,,,,
748,9/20/2022,Sandwich,Fastfood,60,14,840,Cash,Mrs.,Night,9/20/2022,,,,,,,,,,,
749,8/31/2022,Vadapav,Fastfood,20,11,220,Cash,Mr.,Morning,8/31/2022,,,,,,,,,,,
750,02-01-2023,Frankie,Fastfood,50,1,50,Online,Mr.,Evening,Monday,,,,,,,,,,,
751,9/16/2022,Vadapav,Fastfood,20,2,40,Cash,Mr.,Afternoon,9/16/2022,,,,,,,,,,,
752,06-04-2022,Panipuri,Fastfood,20,2,40,Online,Mrs.,Morning,Wednesday,,,,,,,,,,,
753,6/26/2022,Sugarcane juice,Beverages,25,1,25,Cash,Mr.,Midnight,6/26/2022,,,,,,,,,,,
754,12/29/2022,Sugarcane juice,Beverages,25,14,350,Cash,Mrs.,Evening,12/29/2022,,,,,,,,,,,
755,01-02-2023,Aalopuri,Fastfood,20,12,240,Cash,Mrs.,Night,Wednesday,,,,,,,,,,,
756,10/21/2022,Sugarcane juice,Beverages,25,10,250,Online,Mrs.,Morning,10/21/2022,,,,,,,,,,,
757,12/25/2022,Sugarcane juice,Beverages,25,11,275,Online,Mr.,Morning,12/25/2022,,,,,,,,,,,
758,9/25/2022,Vadapav,Fastfood,20,3,60,Cash,Mrs.,Evening,9/25/2022,,,,,,,,,,,
759,12/25/2022,Sugarcane juice,Beverages,25,13,325,Online,Mr.,Midnight,12/25/2022,,,,,,,,,,,
760,11/14/2022,Sugarcane juice,Beverages,25,1,25,Online,Mrs.,Evening,11/14/2022,,,,,,,,,,,
761,11-12-2022,Sandwich,Fastfood,60,3,180,,Mrs.,Midnight,Sunday,,,,,,,,,,,
762,04-09-2022,Vadapav,Fastfood,20,12,240,Online,Mrs.,Midnight,Sunday,,,,,,,,,,,
763,07-04-2022,Vadapav,Fastfood,20,14,280,,Mrs.,Night,Thursday,,,,,,,,,,,
764,2/14/2023,Sandwich,Fastfood,60,7,420,Cash,Mrs.,Night,2/14/2023,,,,,,,,,,,
765,6/15/2022,Sandwich,Fastfood,60,13,780,Cash,Mr.,Night,6/15/2022,,,,,,,,,,,
766,6/19/2022,Sandwich,Fastfood,60,10,600,Online,Mrs.,Morning,6/19/2022,,,,,,,,,,,
767,2/26/2023,Frankie,Fastfood,50,8,400,Cash,Mrs.,Afternoon,2/26/2023,,,,,,,,,,,
768,01-12-2023,Sandwich,Fastfood,60,14,840,Cash,Mr.,Afternoon,Friday,,,,,,,,,,,
769,06-07-2022,Frankie,Fastfood,50,8,400,Cash,Mr.,Morning,Wednesday,,,,,,,,,,,
770,2/22/2023,Aalopuri,Fastfood,20,8,160,Cash,Mrs.,Morning,2/22/2023,,,,,,,,,,,
771,8/15/2022,Panipuri,Fastfood,20,5,100,Online,Mrs.,Midnight,8/15/2022,,,,,,,,,,,
772,3/20/2023,Cold coffee,Beverages,40,9,360,Cash,Mr.,Evening,3/20/2023,,,,,,,,,,,
773,8/14/2022,Cold coffee,Beverages,40,7,280,Online,Mr.,Afternoon,8/14/2022,,,,,,,,,,,
774,3/15/2023,Vadapav,Fastfood,20,1,20,Online,Mrs.,Night,3/15/2023,,,,,,,,,,,
775,3/27/2023,Sandwich,Fastfood,60,6,360,Cash,Mr.,Night,3/27/2023,,,,,,,,,,,
776,02-07-2023,Frankie,Fastfood,50,10,500,Cash,Mr.,Midnight,Sunday,,,,,,,,,,,
777,10/23/2022,Panipuri,Fastfood,20,13,260,Cash,Mr.,Morning,10/23/2022,,,,,,,,,,,
778,06-11-2022,Frankie,Fastfood,50,13,650,Cash,Mr.,Evening,Sunday,,,,,,,,,,,
779,1/16/2023,Sandwich,Fastfood,60,13,780,,Mr.,Night,1/16/2023,,,,,,,,,,,
780,11/27/2022,Sugarcane juice,Beverages,25,13,325,Online,Mrs.,Afternoon,11/27/2022,,,,,,,,,,,
781,5/27/2022,Aalopuri,Fastfood,20,10,200,Online,Mr.,Midnight,5/27/2022,,,,,,,,,,,
782,12/16/2022,Aalopuri,Fastfood,20,5,100,Online,Mr.,Night,12/16/2022,,,,,,,,,,,
783,4/29/2022,Aalopuri,Fastfood,20,8,160,Cash,Mr.,Morning,4/29/2022,,,,,,,,,,,
784,07-09-2022,Vadapav,Fastfood,20,8,160,Cash,Mrs.,Morning,Wednesday,,,,,,,,,,,
785,12-07-2022,Aalopuri,Fastfood,20,2,40,Online,Mr.,Afternoon,Tuesday,,,,,,,,,,,
786,3/13/2023,Sandwich,Fastfood,60,14,840,Online,Mrs.,Night,3/13/2023,,,,,,,,,,,
787,3/25/2023,Aalopuri,Fastfood,20,2,40,Cash,Mrs.,Afternoon,3/25/2023,,,,,,,,,,,
788,8/13/2022,Sugarcane juice,Beverages,25,7,175,Online,Mr.,Afternoon,8/13/2022,,,,,,,,,,,
789,08-03-2022,Sugarcane juice,Beverages,25,7,175,Cash,Mr.,Morning,Tuesday,,,,,,,,,,,
790,7/20/2022,Panipuri,Fastfood,20,3,60,Cash,Mrs.,Evening,7/20/2022,,,,,,,,,,,
791,04-07-2022,Vadapav,Fastfood,20,3,60,,Mr.,Midnight,Monday,,,,,,,,,,,
792,2/25/2023,Vadapav,Fastfood,20,2,40,Cash,Mrs.,Morning,2/25/2023,,,,,,,,,,,
793,8/30/2022,Sandwich,Fastfood,60,6,360,Cash,Mrs.,Night,8/30/2022,,,,,,,,,,,
794,10-02-2022,Sugarcane juice,Beverages,25,5,125,Online,Mr.,Afternoon,Thursday,,,,,,,,,,,
795,01-10-2023,Vadapav,Fastfood,20,9,180,Cash,Mr.,Evening,Sunday,,,,,,,,,,,
796,6/25/2022,Sugarcane juice,Beverages,25,14,350,Online,Mr.,Night,6/25/2022,,,,,,,,,,,
797,11/26/2022,Cold coffee,Beverages,40,11,440,Cash,Mr.,Night,11/26/2022,,,,,,,,,,,
798,5/22/2022,Frankie,Fastfood,50,12,600,,Mr.,Night,5/22/2022,,,,,,,,,,,
799,01-11-2023,Panipuri,Fastfood,20,1,20,Online,Mrs.,Night,Wednesday,,,,,,,,,,,
800,11-06-2022,Cold coffee,Beverages,40,14,560,Cash,Mr.,Night,Saturday,,,,,,,,,,,
801,4/28/2022,Aalopuri,Fastfood,20,7,140,Cash,Mrs.,Evening,4/28/2022,,,,,,,,,,,
802,1/23/2023,Sandwich,Fastfood,60,7,420,Online,Mrs.,Afternoon,1/23/2023,,,,,,,,,,,
803,8/27/2022,Vadapav,Fastfood,20,5,100,,Mr.,Night,8/27/2022,,,,,,,,,,,
804,10-11-2022,Cold coffee,Beverages,40,12,480,Online,Mrs.,Night,Thursday,,,,,,,,,,,
805,05-08-2022,Sugarcane juice,Beverages,25,1,25,Online,Mr.,Afternoon,Friday,,,,,,,,,,,
806,5/23/2022,Vadapav,Fastfood,20,3,60,Online,Mr.,Evening,5/23/2022,,,,,,,,,,,
807,6/13/2022,Frankie,Fastfood,50,1,50,Online,Mrs.,Midnight,6/13/2022,,,,,,,,,,,
808,9/21/2022,Panipuri,Fastfood,20,1,20,Online,Mr.,Morning,9/21/2022,,,,,,,,,,,
809,12-12-2022,Panipuri,Fastfood,20,10,200,Online,Mr.,Evening,Monday,,,,,,,,,,,
810,12/27/2022,Vadapav,Fastfood,20,3,60,Online,Mr.,Morning,12/27/2022,,,,,,,,,,,
811,03-02-2023,Aalopuri,Fastfood,20,13,260,Cash,Mr.,Afternoon,Friday,,,,,,,,,,,
812,08-08-2022,Panipuri,Fastfood,20,5,100,Cash,Mr.,Afternoon,Monday,,,,,,,,,,,
813,10/13/2022,Panipuri,Fastfood,20,10,200,Online,Mr.,Afternoon,10/13/2022,,,,,,,,,,,
814,10-05-2022,Vadapav,Fastfood,20,13,260,Cash,Mrs.,Midnight,Tuesday,,,,,,,,,,,
815,4/20/2022,Cold coffee,Beverages,40,12,480,Online,Mrs.,Afternoon,4/20/2022,,,,,,,,,,,
816,01-11-2023,Sugarcane juice,Beverages,25,11,275,Cash,Mr.,Morning,Wednesday,,,,,,,,,,,
817,5/21/2022,Aalopuri,Fastfood,20,12,240,Cash,Mrs.,Evening,5/21/2022,,,,,,,,,,,
818,2/28/2023,Frankie,Fastfood,50,6,300,Cash,Mr.,Night,2/28/2023,,,,,,,,,,,
819,10-12-2022,Vadapav,Fastfood,20,10,200,Cash,Mr.,Evening,Saturday,,,,,,,,,,,
820,2/24/2023,Aalopuri,Fastfood,20,3,60,,Mr.,Midnight,2/24/2023,,,,,,,,,,,
821,7/24/2022,Aalopuri,Fastfood,20,12,240,Cash,Mrs.,Midnight,7/24/2022,,,,,,,,,,,
822,6/17/2022,Panipuri,Fastfood,20,12,240,Online,Mr.,Morning,6/17/2022,,,,,,,,,,,
823,2/13/2023,Panipuri,Fastfood,20,11,220,Online,Mr.,Midnight,2/13/2023,,,,,,,,,,,
824,1/18/2023,Vadapav,Fastfood,20,2,40,Online,Mrs.,Evening,1/18/2023,,,,,,,,,,,
825,10/30/2022,Panipuri,Fastfood,20,14,280,Cash,Mrs.,Morning,10/30/2022,,,,,,,,,,,
826,12-02-2022,Sandwich,Fastfood,60,15,900,Cash,Mrs.,Night,Saturday,,,,,,,,,,,
827,01-06-2023,Sandwich,Fastfood,60,12,720,Cash,Mr.,Midnight,Thursday,,,,,,,,,,,
828,8/18/2022,Panipuri,Fastfood,20,6,120,Cash,Mr.,Evening,8/18/2022,,,,,,,,,,,
829,9/19/2022,Cold coffee,Beverages,40,6,240,Cash,Mr.,Night,9/19/2022,,,,,,,,,,,
830,11/28/2022,Cold coffee,Beverages,40,9,360,,Mr.,Night,11/28/2022,,,,,,,,,,,
831,08-01-2022,Frankie,Fastfood,50,5,250,Online,Mrs.,Morning,Saturday,,,,,,,,,,,
832,06-06-2022,Sugarcane juice,Beverages,25,4,100,Cash,Mr.,Morning,Monday,,,,,,,,,,,
833,09-01-2022,Panipuri,Fastfood,20,2,40,Online,Mrs.,Evening,Sunday,,,,,,,,,,,
834,5/25/2022,Sugarcane juice,Beverages,25,14,350,Cash,Mr.,Evening,5/25/2022,,,,,,,,,,,
835,9/27/2022,Sugarcane juice,Beverages,25,7,175,Online,Mr.,Afternoon,9/27/2022,,,,,,,,,,,
836,8/31/2022,Vadapav,Fastfood,20,2,40,Cash,Mrs.,Midnight,8/31/2022,,,,,,,,,,,
837,5/19/2022,Aalopuri,Fastfood,20,7,140,Cash,Mr.,Midnight,5/19/2022,,,,,,,,,,,
838,7/31/2022,Cold coffee,Beverages,40,9,360,Online,Mrs.,Morning,7/31/2022,,,,,,,,,,,
839,05-08-2022,Sugarcane juice,Beverages,25,4,100,Cash,Mrs.,Afternoon,Friday,,,,,,,,,,,
840,2/18/2023,Cold coffee,Beverages,40,15,600,,Mrs.,Midnight,2/18/2023,,,,,,,,,,,
841,02-03-2023,Vadapav,Fastfood,20,9,180,Cash,Mr.,Night,Thursday,,,,,,,,,,,
842,5/25/2022,Panipuri,Fastfood,20,2,40,Cash,Mrs.,Evening,5/25/2022,,,,,,,,,,,
843,07-04-2022,Sugarcane juice,Beverages,25,1,25,Cash,Mrs.,Morning,Thursday,,,,,,,,,,,
844,05-04-2022,Sugarcane juice,Beverages,25,13,325,Cash,Mr.,Morning,Tuesday,,,,,,,,,,,
845,07-01-2022,Cold coffee,Beverages,40,6,240,Online,Mrs.,Evening,Friday,,,,,,,,,,,
846,4/20/2022,Aalopuri,Fastfood,20,5,100,Online,Mr.,Afternoon,4/20/2022,,,,,,,,,,,
847,8/14/2022,Panipuri,Fastfood,20,11,220,Online,Mr.,Midnight,8/14/2022,,,,,,,,,,,
848,11-10-2022,Frankie,Fastfood,50,9,450,Cash,Mr.,Night,Tuesday,,,,,,,,,,,
849,11-03-2022,Cold coffee,Beverages,40,10,400,Cash,Mrs.,Night,Friday,,,,,,,,,,,
850,8/20/2022,Vadapav,Fastfood,20,3,60,Online,Mrs.,Afternoon,8/20/2022,,,,,,,,,,,
851,1/28/2023,Aalopuri,Fastfood,20,15,300,Online,Mrs.,Night,1/28/2023,,,,,,,,,,,
852,05-05-2022,Sugarcane juice,Beverages,25,8,200,Online,Mr.,Night,Thursday,,,,,,,,,,,
853,2/17/2023,Cold coffee,Beverages,40,3,120,Online,Mrs.,Midnight,2/17/2023,,,,,,,,,,,
854,10/14/2022,Cold coffee,Beverages,40,14,560,Online,Mrs.,Night,10/14/2022,,,,,,,,,,,
855,10/23/2022,Vadapav,Fastfood,20,5,100,Online,Mr.,Evening,10/23/2022,,,,,,,,,,,
856,05-04-2022,Aalopuri,Fastfood,20,11,220,Cash,Mrs.,Night,Tuesday,,,,,,,,,,,
857,11-08-2022,Sugarcane juice,Beverages,25,14,350,Online,Mrs.,Evening,Thursday,,,,,,,,,,,
858,11/22/2022,Cold coffee,Beverages,40,9,360,Cash,Mr.,Evening,11/22/2022,,,,,,,,,,,
859,10-08-2022,Sandwich,Fastfood,60,11,660,Cash,Mrs.,Midnight,Wednesday,,,,,,,,,,,
860,7/16/2022,Cold coffee,Beverages,40,5,200,Cash,Mr.,Night,7/16/2022,,,,,,,,,,,
861,1/24/2023,Sugarcane juice,Beverages,25,8,200,Cash,Mrs.,Night,1/24/2023,,,,,,,,,,,
862,03-10-2023,Frankie,Fastfood,50,7,350,Online,Mr.,Night,Tuesday,,,,,,,,,,,
863,09-08-2022,Frankie,Fastfood,50,9,450,Online,Mr.,Night,Tuesday,,,,,,,,,,,
864,8/20/2022,Cold coffee,Beverages,40,9,360,Online,Mr.,Morning,8/20/2022,,,,,,,,,,,
865,1/23/2023,Sugarcane juice,Beverages,25,6,150,Cash,Mrs.,Night,1/23/2023,,,,,,,,,,,
866,8/13/2022,Frankie,Fastfood,50,10,500,Online,Mr.,Midnight,8/13/2022,,,,,,,,,,,
867,1/26/2023,Frankie,Fastfood,50,15,750,Cash,Mr.,Midnight,1/26/2023,,,,,,,,,,,
868,8/17/2022,Aalopuri,Fastfood,20,13,260,Cash,Mrs.,Evening,8/17/2022,,,,,,,,,,,
869,6/26/2022,Panipuri,Fastfood,20,9,180,Online,Mr.,Midnight,6/26/2022,,,,,,,,,,,
870,10/31/2022,Cold coffee,Beverages,40,5,200,Online,Mrs.,Afternoon,10/31/2022,,,,,,,,,,,
871,12-07-2022,Vadapav,Fastfood,20,14,280,,Mrs.,Evening,Tuesday,,,,,,,,,,,
872,7/14/2022,Sandwich,Fastfood,60,12,720,Cash,Mr.,Afternoon,7/14/2022,,,,,,,,,,,
873,05-09-2022,Sugarcane juice,Beverages,25,1,25,Online,Mr.,Night,Monday,,,,,,,,,,,
874,05-09-2022,Cold coffee,Beverages,40,4,160,Cash,Mr.,Midnight,Monday,,,,,,,,,,,
875,08-05-2022,Vadapav,Fastfood,20,15,300,Cash,Mr.,Evening,Sunday,,,,,,,,,,,
876,06-10-2022,Cold coffee,Beverages,40,8,320,Online,Mrs.,Evening,Thursday,,,,,,,,,,,
877,10/27/2022,Sugarcane juice,Beverages,25,14,350,Cash,Mrs.,Afternoon,10/27/2022,,,,,,,,,,,
878,08-12-2022,Sandwich,Fastfood,60,6,360,Online,Mr.,Evening,Thursday,,,,,,,,,,,
879,11-06-2022,Cold coffee,Beverages,40,9,360,Cash,Mrs.,Evening,Saturday,,,,,,,,,,,
880,6/25/2022,Sugarcane juice,Beverages,25,5,125,Cash,Mrs.,Morning,6/25/2022,,,,,,,,,,,
881,5/25/2022,Sandwich,Fastfood,60,2,120,Cash,Mr.,Midnight,5/25/2022,,,,,,,,,,,
882,4/23/2022,Panipuri,Fastfood,20,9,180,Online,Mr.,Morning,4/23/2022,,,,,,,,,,,
883,8/24/2022,Aalopuri,Fastfood,20,5,100,Online,Mrs.,Midnight,8/24/2022,,,,,,,,,,,
884,03-01-2023,Vadapav,Fastfood,20,12,240,Online,Mr.,Night,Tuesday,,,,,,,,,,,
885,10/16/2022,Sugarcane juice,Beverages,25,4,100,Cash,Mr.,Evening,10/16/2022,,,,,,,,,,,
886,7/21/2022,Sugarcane juice,Beverages,25,4,100,Cash,Mrs.,Night,7/21/2022,,,,,,,,,,,
887,10/24/2022,Aalopuri,Fastfood,20,3,60,Cash,Mr.,Morning,10/24/2022,,,,,,,,,,,
888,09-05-2022,Vadapav,Fastfood,20,8,160,Cash,Mr.,Evening,Monday,,,,,,,,,,,
889,04-12-2022,Vadapav,Fastfood,20,10,200,Online,Mr.,Midnight,Sunday,,,,,,,,,,,
890,03-03-2023,Sugarcane juice,Beverages,25,5,125,Cash,Mrs.,Morning,Friday,,,,,,,,,,,
891,12/27/2022,Cold coffee,Beverages,40,11,440,Cash,Mr.,Midnight,12/27/2022,,,,,,,,,,,
892,7/14/2022,Sugarcane juice,Beverages,25,7,175,Online,Mrs.,Evening,7/14/2022,,,,,,,,,,,
893,7/13/2022,Sugarcane juice,Beverages,25,12,300,Cash,Mrs.,Afternoon,7/13/2022,,,,,,,,,,,
894,3/19/2023,Sandwich,Fastfood,60,15,900,Cash,Mr.,Morning,3/19/2023,,,,,,,,,,,
895,01-03-2023,Sugarcane juice,Beverages,25,11,275,Cash,Mr.,Afternoon,Wednesday,,,,,,,,,,,
896,10/30/2022,Aalopuri,Fastfood,20,13,260,Cash,Mr.,Night,10/30/2022,,,,,,,,,,,
897,8/22/2022,Aalopuri,Fastfood,20,6,120,Online,Mr.,Morning,8/22/2022,,,,,,,,,,,
898,03-02-2023,Frankie,Fastfood,50,8,400,Cash,Mr.,Afternoon,Friday,,,,,,,,,,,
899,1/24/2023,Aalopuri,Fastfood,20,7,140,Cash,Mr.,Midnight,1/24/2023,,,,,,,,,,,
900,12-07-2022,Sugarcane juice,Beverages,25,9,225,Online,Mr.,Afternoon,Tuesday,,,,,,,,,,,
901,12/24/2022,Vadapav,Fastfood,20,7,140,Online,Mrs.,Morning,12/24/2022,,,,,,,,,,,
902,11/23/2022,Frankie,Fastfood,50,4,200,Online,Mr.,Afternoon,11/23/2022,,,,,,,,,,,
903,01-01-2023,Aalopuri,Fastfood,20,15,300,Online,Mr.,Night,Sunday,,,,,,,,,,,
904,03-12-2023,Aalopuri,Fastfood,20,4,80,Cash,Mrs.,Midnight,Sunday,,,,,,,,,,,
905,12/13/2022,Frankie,Fastfood,50,15,750,Cash,Mrs.,Midnight,12/13/2022,,,,,,,,,,,
906,04-04-2022,Sandwich,Fastfood,60,15,900,Cash,Mr.,Afternoon,Monday,,,,,,,,,,,
907,10/19/2022,Cold coffee,Beverages,40,4,160,,Mrs.,Midnight,10/19/2022,,,,,,,,,,,
908,03-06-2023,Sandwich,Fastfood,60,7,420,Cash,Mrs.,Night,Saturday,,,,,,,,,,,
909,2/21/2023,Cold coffee,Beverages,40,12,480,Online,Mrs.,Morning,2/21/2023,,,,,,,,,,,
910,10-09-2022,Panipuri,Fastfood,20,1,20,Cash,Mrs.,Afternoon,Saturday,,,,,,,,,,,
911,04-09-2022,Sandwich,Fastfood,60,1,60,Cash,Mr.,Evening,Sunday,,,,,,,,,,,
912,9/17/2022,Aalopuri,Fastfood,20,6,120,Cash,Mr.,Evening,9/17/2022,,,,,,,,,,,
913,2/15/2023,Frankie,Fastfood,50,15,750,Online,Mr.,Evening,2/15/2023,,,,,,,,,,,
914,03-01-2023,Sandwich,Fastfood,60,14,840,Cash,Mr.,Night,Tuesday,,,,,,,,,,,
915,10-07-2022,Cold coffee,Beverages,40,7,280,Online,Mr.,Afternoon,Sunday,,,,,,,,,,,
916,11/17/2022,Cold coffee,Beverages,40,15,600,,Mrs.,Afternoon,11/17/2022,,,,,,,,,,,
917,5/15/2022,Vadapav,Fastfood,20,15,300,Online,Mr.,Evening,5/15/2022,,,,,,,,,,,
918,11-12-2022,Panipuri,Fastfood,20,6,120,Cash,Mr.,Evening,Sunday,,,,,,,,,,,
919,01-03-2023,Vadapav,Fastfood,20,8,160,Online,Mrs.,Evening,Wednesday,,,,,,,,,,,
920,07-12-2022,Frankie,Fastfood,50,13,650,Online,Mr.,Evening,Wednesday,,,,,,,,,,,
921,9/21/2022,Vadapav,Fastfood,20,14,280,Cash,Mr.,Midnight,9/21/2022,,,,,,,,,,,
922,6/13/2022,Frankie,Fastfood,50,5,250,Online,Mrs.,Evening,6/13/2022,,,,,,,,,,,
923,5/30/2022,Cold coffee,Beverages,40,3,120,Online,Mr.,Morning,5/30/2022,,,,,,,,,,,
924,12/17/2022,Panipuri,Fastfood,20,14,280,Cash,Mr.,Afternoon,12/17/2022,,,,,,,,,,,
925,04-10-2022,Frankie,Fastfood,50,4,200,Online,Mrs.,Afternoon,Tuesday,,,,,,,,,,,
926,2/27/2023,Frankie,Fastfood,50,15,750,Cash,Mrs.,Afternoon,2/27/2023,,,,,,,,,,,
927,12-02-2022,Cold coffee,Beverages,40,6,240,,Mrs.,Evening,Saturday,,,,,,,,,,,
928,04-07-2022,Sandwich,Fastfood,60,11,660,Online,Mr.,Evening,Monday,,,,,,,,,,,
929,06-06-2022,Frankie,Fastfood,50,9,450,Online,Mrs.,Night,Monday,,,,,,,,,,,
930,11/27/2022,Sugarcane juice,Beverages,25,10,250,Online,Mr.,Night,11/27/2022,,,,,,,,,,,
931,6/26/2022,Aalopuri,Fastfood,20,15,300,Cash,Mr.,Afternoon,6/26/2022,,,,,,,,,,,
932,10/18/2022,Sandwich,Fastfood,60,9,540,Online,Mr.,Afternoon,10/18/2022,,,,,,,,,,,
933,1/21/2023,Sugarcane juice,Beverages,25,15,375,Online,Mrs.,Afternoon,1/21/2023,,,,,,,,,,,
934,9/19/2022,Cold coffee,Beverages,40,4,160,Cash,Mrs.,Afternoon,9/19/2022,,,,,,,,,,,
935,2/17/2023,Sandwich,Fastfood,60,12,720,Cash,Mr.,Midnight,2/17/2023,,,,,,,,,,,
936,08-10-2022,Panipuri,Fastfood,20,2,40,,Mr.,Midnight,Saturday,,,,,,,,,,,
937,6/22/2022,Panipuri,Fastfood,20,4,80,Cash,Mr.,Night,6/22/2022,,,,,,,,,,,
938,08-10-2022,Sugarcane juice,Beverages,25,14,350,Cash,Mr.,Evening,Saturday,,,,,,,,,,,
939,2/19/2023,Vadapav,Fastfood,20,15,300,Online,Mr.,Midnight,2/19/2023,,,,,,,,,,,
940,02-07-2023,Sugarcane juice,Beverages,25,14,350,Online,Mrs.,Midnight,Sunday,,,,,,,,,,,
941,02-10-2023,Cold coffee,Beverages,40,10,400,Online,Mrs.,Morning,Monday,,,,,,,,,,,
942,7/20/2022,Frankie,Fastfood,50,6,300,Cash,Mr.,Night,7/20/2022,,,,,,,,,,,
943,6/30/2022,Vadapav,Fastfood,20,6,120,Cash,Mrs.,Night,6/30/2022,,,,,,,,,,,
944,05-12-2022,Aalopuri,Fastfood,20,2,40,Cash,Mr.,Midnight,Monday,,,,,,,,,,,
945,5/15/2022,Cold coffee,Beverages,40,2,80,Online,Mrs.,Afternoon,5/15/2022,,,,,,,,,,,
946,2/21/2023,Sandwich,Fastfood,60,8,480,Cash,Mr.,Midnight,2/21/2023,,,,,,,,,,,
947,8/16/2022,Aalopuri,Fastfood,20,11,220,Online,Mr.,Night,8/16/2022,,,,,,,,,,,
948,1/16/2023,Sandwich,Fastfood,60,10,600,Online,Mr.,Evening,1/16/2023,,,,,,,,,,,
949,01-07-2023,Panipuri,Fastfood,20,1,20,Cash,Mrs.,Evening,Saturday,,,,,,,,,,,
950,9/25/2022,Frankie,Fastfood,50,6,300,Online,Mrs.,Evening,9/25/2022,,,,,,,,,,,
951,11-11-2022,Panipuri,Fastfood,20,11,220,Cash,Mrs.,Afternoon,Friday,,,,,,,,,,,
952,9/24/2022,Aalopuri,Fastfood,20,14,280,Cash,Mrs.,Evening,9/24/2022,,,,,,,,,,,
953,11-10-2022,Sandwich,Fastfood,60,2,120,Online,Mrs.,Afternoon,Tuesday,,,,,,,,,,,
954,1/31/2023,Aalopuri,Fastfood,20,3,60,Cash,Mrs.,Midnight,1/31/2023,,,,,,,,,,,
955,1/27/2023,Sugarcane juice,Beverages,25,7,175,Online,Mr.,Afternoon,1/27/2023,,,,,,,,,,,
956,4/30/2022,Frankie,Fastfood,50,13,650,Online,Mr.,Morning,4/30/2022,,,,,,,,,,,
957,02-08-2023,Panipuri,Fastfood,20,3,60,Online,Mrs.,Midnight,Wednesday,,,,,,,,,,,
958,5/22/2022,Sandwich,Fastfood,60,11,660,Online,Mrs.,Night,5/22/2022,,,,,,,,,,,
959,11/28/2022,Vadapav,Fastfood,20,8,160,Online,Mrs.,Midnight,11/28/2022,,,,,,,,,,,
960,08-12-2022,Sugarcane juice,Beverages,25,15,375,Online,Mrs.,Evening,Thursday,,,,,,,,,,,
961,3/14/2023,Frankie,Fastfood,50,13,650,Cash,Mr.,Night,3/14/2023,,,,,,,,,,,
962,5/18/2022,Frankie,Fastfood,50,13,650,Online,Mrs.,Afternoon,5/18/2022,,,,,,,,,,,
963,10-05-2022,Vadapav,Fastfood,20,6,120,Cash,Mrs.,Morning,Tuesday,,,,,,,,,,,
964,05-07-2022,Cold coffee,Beverages,40,8,320,Cash,Mr.,Evening,Tuesday,,,,,,,,,,,
965,10-08-2022,Frankie,Fastfood,50,5,250,Online,Mrs.,Night,Wednesday,,,,,,,,,,,
966,3/19/2023,Panipuri,Fastfood,20,11,220,Online,Mrs.,Morning,3/19/2023,,,,,,,,,,,
967,6/29/2022,Cold coffee,Beverages,40,14,560,Cash,Mr.,Afternoon,6/29/2022,,,,,,,,,,,
968,08-09-2022,Cold coffee,Beverages,40,15,600,Cash,Mrs.,Morning,Thursday,,,,,,,,,,,
969,11-06-2022,Cold coffee,Beverages,40,11,440,Cash,Mr.,Morning,Saturday,,,,,,,,,,,
970,11/21/2022,Aalopuri,Fastfood,20,5,100,Online,Mrs.,Afternoon,11/21/2022,,,,,,,,,,,
971,10-02-2022,Frankie,Fastfood,50,2,100,Cash,Mrs.,Morning,Thursday,,,,,,,,,,,
972,03-11-2023,Aalopuri,Fastfood,20,1,20,Cash,Mrs.,Afternoon,Friday,,,,,,,,,,,
973,06-07-2022,Sugarcane juice,Beverages,25,1,25,,Mrs.,Morning,Wednesday,,,,,,,,,,,
974,1/28/2023,Vadapav,Fastfood,20,13,260,Online,Mr.,Afternoon,1/28/2023,,,,,,,,,,,
975,1/15/2023,Aalopuri,Fastfood,20,1,20,Cash,Mr.,Midnight,1/15/2023,,,,,,,,,,,
976,4/17/2022,Sugarcane juice,Beverages,25,11,275,,Mrs.,Morning,4/17/2022,,,,,,,,,,,
977,01-05-2023,Aalopuri,Fastfood,20,1,20,Cash,Mr.,Evening,Monday,,,,,,,,,,,
978,10-08-2022,Frankie,Fastfood,50,2,100,Online,Mr.,Night,Wednesday,,,,,,,,,,,
979,5/21/2022,Aalopuri,Fastfood,20,13,260,Cash,Mrs.,Midnight,5/21/2022,,,,,,,,,,,
980,6/20/2022,Vadapav,Fastfood,20,9,180,Online,Mr.,Morning,6/20/2022,,,,,,,,,,,
981,1/22/2023,Panipuri,Fastfood,20,15,300,Online,Mr.,Midnight,1/22/2023,,,,,,,,,,,
982,3/30/2023,Sugarcane juice,Beverages,25,14,350,Cash,Mrs.,Night,3/30/2023,,,,,,,,,,,
983,3/17/2023,Cold coffee,Beverages,40,10,400,,Mrs.,Night,3/17/2023,,,,,,,,,,,
984,01-07-2023,Frankie,Fastfood,50,3,150,Cash,Mr.,Afternoon,Saturday,,,,,,,,,,,
985,6/14/2022,Frankie,Fastfood,50,1,50,Cash,Mrs.,Afternoon,6/14/2022,,,,,,,,,,,
986,4/30/2022,Sugarcane juice,Beverages,25,13,325,Online,Mr.,Night,4/30/2022,,,,,,,,,,,
987,01-04-2023,Vadapav,Fastfood,20,3,60,Cash,Mrs.,Evening,Saturday,,,,,,,,,,,
988,01-03-2023,Frankie,Fastfood,50,13,650,,Mrs.,Night,Wednesday,,,,,,,,,,,
989,10-11-2022,Cold coffee,Beverages,40,13,520,Cash,Mr.,Afternoon,Thursday,,,,,,,,,,,
990,11/24/2022,Vadapav,Fastfood,20,10,200,Online,Mrs.,Morning,11/24/2022,,,,,,,,,,,
991,1/18/2023,Sandwich,Fastfood,60,7,420,Cash,Mrs.,Night,1/18/2023,,,,,,,,,,,
992,10/21/2022,Sandwich,Fastfood,60,5,300,Cash,Mr.,Morning,10/21/2022,,,,,,,,,,,
993,7/17/2022,Frankie,Fastfood,50,3,150,Online,Mrs.,Night,7/17/2022,,,,,,,,,,,
994,11-01-2022,Panipuri,Fastfood,20,2,40,Online,Mrs.,Evening,Tuesday,,,,,,,,,,,
995,6/18/2022,Sugarcane juice,Beverages,25,1,25,Online,Mr.,Night,6/18/2022,,,,,,,,,,,
996,3/19/2023,Frankie,Fastfood,50,10,500,,Mrs.,Evening,3/19/2023,,,,,,,,,,,
997,9/20/2022,Sandwich,Fastfood,60,7,420,,Mr.,Evening,9/20/2022,,,,,,,,,,,
998,1/26/2023,Sandwich,Fastfood,60,13,780,,Mr.,Evening,1/26/2023,,,,,,,,,,,
999,8/27/2022,Panipuri,Fastfood,20,5,100,,Mrs.,Afternoon,8/27/2022,,,,,,,,,,,
1000,5/29/2022,Aalopuri,Fastfood,20,3,60,Online,Mrs.,Midnight,5/29/2022,,,,,,,,,,,
