order_id,date,item_name,item_type,item_price,quantity,transaction_amount,transaction_type,,received_by,time_of_sale,Day,,,,,,,,,,,,,,,,,,
1,03-07-2022,Aalopuri,Fastfood,20,13,260,,Credit,Mr.,Night,Sunday,,,,,,,,,,,,,,,,,,
2,23-08-2022,Vadapav,Fastfood,20,15,300,Cash,Cash,Mr.,Afternoon,Tuesday,,,,,,,,,,,,,,,,,,
3,20-11-2022,Vadapav,Fastfood,20,1,20,Cash,Cash,Mr.,Afternoon,Sunday,,ITEM NAME,Night,Afternoon,Evening,Morning,Total,,,,ITEM NAME,Monday,Tuesday,Wednesday,Thursday,Friday,Saturday,Sunday
4,03-02-2023,Sugarcane juice,Beverages,25,6,150,Online,Online,Mr.,Night,Friday,,Aalopuri,26,29,19,27,101,,,,Aalopuri,20,13,18,17,19,23,24
5,02-10-2022,Sugarcane juice,Beverages,25,8,200,Online,Online,Mr.,Evening,Sunday,,Cold coffee,39,34,30,32,135,,,,Cold coffee,28,24,24,21,24,22,18
6,14-11-2022,Vadapav,Fastfood,20,10,200,Cash,Cash,Mr.,Evening,Monday,,Frankie,34,31,29,23,117,,,,Frankie,16,20,16,19,22,16,30
7,03-05-2022,Sugarcane juice,Beverages,25,9,225,Cash,Cash,Mr.,Evening,Tuesday,,Panipuri,26,28,36,29,119,,,,Panipuri,16,12,37,23,19,23,20
8,22-12-2022,Panipuri,Fastfood,20,14,280,Online,Online,Mr.,Night,Thursday,,Sandwich,30,19,29,25,103,,,,Sandwich,18,18,18,20,14,18,23
9,10-06-2022,Panipuri,Fastfood,20,1,20,Cash,Cash,Mrs.,Morning,Friday,,Sugarcane juice,27,41,32,25,125,,,,Sugarcane juice,19,20,17,23,27,26,21
10,16-09-2022,Panipuri,Fastfood,20,5,100,Online,Online,Mr.,Afternoon,Friday,,Vadapav,23,23,26,29,101,,,,Vadapav,24,15,29,13,9,22,22
11,01-12-2022,Frankie,Fastfood,50,8,400,Online,Online,Mrs.,Afternoon,Thursday,,,,,,,801,,,,Total,141,122,159,136,134,150,158
12,12-07-2022,Vadapav,Fastfood,20,8,160,Online,Online,Mrs.,Night,Tuesday,,,,,,,,,,,,,,,,,,
13,22-12-2022,Panipuri,Fastfood,20,9,180,Online,Online,Mrs.,Afternoon,Thursday,,,,,,,,,,,,,,,,,,
14,25-11-2022,Frankie,Fastfood,50,4,200,Online,Online,Mr.,Morning,Friday,,ITEM NAME,Cash,Online,Credit,,,ITEM NAME,Mr.,Mrs.,,,,,,,,
15,03-02-2023,Aalopuri,Fastfood,20,3,60,Cash,Cash,Mrs.,Evening,Friday,,Aalopuri,66,53,15,,,Aalopuri,74,60,,,,,,,,
16,14-04-2022,Sandwich,Fastfood,60,11,660,,Credit,Mrs.,Midnight,Thursday,,Cold coffee,72,66,23,,,Cold coffee,82,79,,,,,,,,
17,16-10-2022,Panipuri,Fastfood,20,11,220,Cash,Cash,Mrs.,Morning,Sunday,,Frankie,62,65,12,,,Frankie,63,76, ,,,,,,,
18,05-11-2022,Panipuri,Fastfood,20,10,200,Cash,Cash,Mrs.,Night,Saturday,,Panipuri,70,65,15,,,Panipuri,77,73,,,,,,,,
19,22-08-2022,Panipuri,Fastfood,20,11,220,Cash,Cash,Mrs.,Night,Monday,,Sandwich,63,54,12,,,Sandwich,69,60,,,,,,,,
20,15-09-2022,Cold coffee,Beverages,40,10,400,Online,Online,Mr.,Night,Thursday,,Sugarcane juice,76,60,17,,,Sugarcane juice,79,74,,,,,,,,
21,21-12-2022,Cold coffee,Beverages,40,15,600,Cash,Cash,Mr.,Evening,Wednesday,,Vadapav,67,54,13,,,Vadapav,68,66,,,,,,,,
22,04-10-2022,Sugarcane juice,Beverages,25,12,300,Online,Online,Mr.,Evening,Tuesday,,,,,,,,,,,,,,,,,,
23,26-05-2022,Sandwich,Fastfood,60,3,180,Online,Online,Mr.,Midnight,Thursday,,,,,,,,,,,,,,,,,,
24,11-02-2023,Sugarcane juice,Beverages,25,10,250,Online,Online,Mr.,Afternoon,Saturday,,ITEM NAME,Total,,,,,,,,,,,,,,,
25,31-08-2022,Sandwich,Fastfood,60,1,60,Online,Online,Mrs.,Evening,Wednesday,,Aalopuri,20880,,,,,,,,,,,,,,,
26,18-08-2022,Sugarcane juice,Beverages,25,4,100,Cash,Cash,Mr.,Afternoon,Thursday,,Cold coffee,20120,,,,,,,,,,,,,,,
27,12-10-2022,Cold coffee,Beverages,40,11,440,Online,Online,Mrs.,Afternoon,Wednesday,,Frankie,20120,,,,,,,,,,,,,,,
28,06-01-2023,Cold coffee,Beverages,40,10,400,Online,Online,Mrs.,Afternoon,Friday,,Panipuri,31950,,,,,,,,,,,,,,,
29,10-02-2023,Sugarcane juice,Beverages,25,9,225,Online,Online,Mr.,Afternoon,Friday,,Sandwich,31950,,,,,,,,,,,,,,,
30,28-01-2023,Frankie,Fastfood,50,2,100,Cash,Cash,Mrs.,Night,Saturday,,Sugarcane juice,20120,,,,,,,,,,,,,,,
31,14-09-2022,Cold coffee,Beverages,40,13,520,Online,Online,Mrs.,Evening,Wednesday,,Vadapav,31950,,,,,,,,,,,,,,,
32,06-05-2022,Aalopuri,Fastfood,20,4,80,,Credit,Mr.,Morning,Friday,,,,,,,,,,,,,,,,,,
33,05-02-2023,Aalopuri,Fastfood,20,13,260,Online,Online,Mr.,Night,Sunday,,,,,,,,,,,,,,,,,,
34,04-02-2023,Frankie,Fastfood,50,12,600,Online,Online,Mrs.,Evening,Saturday,,,,,,,,,,,,,,,,,,
35,22-05-2022,Vadapav,Fastfood,20,8,160,Cash,Cash,Mr.,Morning,Sunday,,,,,,,,,,,,,,,,,,
36,02-07-2022,Cold coffee,Beverages,40,10,400,Online,Online,Mr.,Afternoon,Saturday,,,,,,,,,,,,,,,,,,
37,05-01-2023,Frankie,Fastfood,50,10,500,Cash,Cash,Mr.,Night,Thursday,,,,,,,,,,,,,,,,,,
38,08-03-2023,Panipuri,Fastfood,20,12,240,Online,Online,Mrs.,Night,Wednesday,,,,,,,,,,,,,,,,,,
39,14-05-2022,Vadapav,Fastfood,20,2,40,Online,Online,Mr.,Evening,Saturday,,,,,,,,,,,,,,,,,,
40,05-02-2023,Sandwich,Fastfood,60,5,300,Online,Online,Mrs.,Night,Sunday,,,,,,,,,,,,,,,,,,
41,13-11-2022,Cold coffee,Beverages,40,11,440,,Credit,Mr.,Afternoon,Sunday,,,,,,,,,,,,,,,,,,
42,09-05-2022,Aalopuri,Fastfood,20,8,160,Online,Online,Mrs.,Night,Monday,,,,,,,,,,,,,,,,,,
43,26-05-2022,Vadapav,Fastfood,20,1,20,Cash,Cash,Mr.,Night,Thursday,,,,,,,,,,,,,,,,,,
44,28-08-2022,Cold coffee,Beverages,40,12,480,Cash,Cash,Mr.,Evening,Sunday,,,,,,,,,,,,,,,,,,
45,15-08-2022,Sugarcane juice,Beverages,25,6,150,Cash,Cash,Mrs.,Afternoon,Monday,,,,,,,,,,,,,,,,,,
46,07-05-2022,Vadapav,Fastfood,20,7,140,Cash,Cash,Mr.,Evening,Saturday,,,,,,,,,,,,,,,,,,
47,10-07-2022,Sandwich,Fastfood,60,7,420,,Credit,Mr.,Morning,Sunday,,,,,,,,,,,,,,,,,,
48,23-02-2023,Sandwich,Fastfood,60,14,840,Online,Online,Mr.,Afternoon,Thursday,,,,,,,,,,,,,,,,,,
49,06-11-2022,Frankie,Fastfood,50,4,200,Online,Online,Mrs.,Morning,Sunday,,,,,,,,,,,,,,,,,,
50,02-11-2022,Vadapav,Fastfood,20,8,160,Cash,Cash,Mrs.,Midnight,Wednesday,,,,,,,,,,,,,,,,,,
51,16-05-2022,Frankie,Fastfood,50,15,750,Online,Online,Mrs.,Morning,Monday,,,,,,,,,,,,,,,,,,
52,16-03-2023,Sugarcane juice,Beverages,25,12,300,Cash,Cash,Mrs.,Midnight,Thursday,,,,,,,,,,,,,,,,,,
53,26-07-2022,Aalopuri,Fastfood,20,13,260,Cash,Cash,Mr.,Afternoon,Tuesday,,,,,,,,,,,,,,,,,,
54,28-12-2022,Panipuri,Fastfood,20,14,280,Online,Online,Mrs.,Morning,Wednesday,,,,,,,,,,,,,,,,,,
55,07-05-2022,Sandwich,Fastfood,60,10,600,Cash,Cash,Mr.,Night,Saturday,,,,,,,,,,,,,,,,,,
56,23-11-2022,Panipuri,Fastfood,20,11,220,Cash,Cash,Mrs.,Midnight,Wednesday,,,,,,,,,,,,,,,,,,
57,04-08-2022,Panipuri,Fastfood,20,14,280,Online,Online,Mrs.,Morning,Thursday,,,,,,,,,,,,,,,,,,
58,03-02-2023,Vadapav,Fastfood,20,6,120,Online,Online,Mrs.,Morning,Friday,,,,,,,,,,,,,,,,,,
59,01-07-2022,Vadapav,Fastfood,20,5,100,Cash,Cash,Mr.,Morning,Friday,,,,,,,,,,,,,,,,,,
60,11-06-2022,Cold coffee,Beverages,40,2,80,Online,Online,Mr.,Night,Saturday,,,,,,,,,,,,,,,,,,
61,25-12-2022,Vadapav,Fastfood,20,14,280,Cash,Cash,Mrs.,Afternoon,Sunday,,,,,,,,,,,,,,,,,,
62,17-10-2022,Sugarcane juice,Beverages,25,3,75,Cash,Cash,Mr.,Afternoon,Monday,,,,,,,,,,,,,,,,,,
63,01-12-2022,Sandwich,Fastfood,60,7,420,Online,Online,Mrs.,Morning,Thursday,,,,,,,,,,,,,,,,,,
64,09-12-2022,Cold coffee,Beverages,40,1,40,Cash,Cash,Mr.,Morning,Friday,,,,,,,,,,,,,,,,,,
65,25-07-2022,Aalopuri,Fastfood,20,4,80,Cash,Cash,Mr.,Morning,Monday,,,,,,,,,,,,,,,,,,
66,05-04-2022,Frankie,Fastfood,50,2,100,Cash,Cash,Mrs.,Morning,Tuesday,,,,,,,,,,,,,,,,,,
67,15-05-2022,Aalopuri,Fastfood,20,9,180,Cash,Cash,Mr.,Midnight,Sunday,,,,,,,,,,,,,,,,,,
68,17-12-2022,Cold coffee,Beverages,40,2,80,,Credit,Mr.,Night,Saturday,,,,,,,,,,,,,,,,,,
69,10-01-2023,Vadapav,Fastfood,20,7,140,Cash,Cash,Mr.,Midnight,Tuesday,,,,,,,,,,,,,,,,,,
70,09-05-2022,Cold coffee,Beverages,40,14,560,,Credit,Mrs.,Morning,Monday,,,,,,,,,,,,,,,,,,
71,05-12-2022,Cold coffee,Beverages,40,6,240,Online,Online,Mr.,Night,Monday,,,,,,,,,,,,,,,,,,
72,09-03-2023,Frankie,Fastfood,50,13,650,Online,Online,Mr.,Afternoon,Thursday,,,,,,,,,,,,,,,,,,
73,29-07-2022,Panipuri,Fastfood,20,5,100,Cash,Cash,Mr.,Midnight,Friday,,,,,,,,,,,,,,,,,,
74,15-08-2022,Cold coffee,Beverages,40,10,400,Online,Online,Mrs.,Evening,Monday,,,,,,,,,,,,,,,,,,
75,02-02-2023,Cold coffee,Beverages,40,6,240,Online,Online,Mrs.,Afternoon,Thursday,,,,,,,,,,,,,,,,,,
76,17-08-2022,Vadapav,Fastfood,20,9,180,Online,Online,Mr.,Morning,Wednesday,,,,,,,,,,,,,,,,,,
77,04-02-2023,Sugarcane juice,Beverages,25,12,300,Cash,Cash,Mrs.,Midnight,Saturday,,,,,,,,,,,,,,,,,,
78,01-10-2022,Vadapav,Fastfood,20,4,80,Cash,Cash,Mrs.,Evening,Saturday,,,,,,,,,,,,,,,,,,
79,05-11-2022,Panipuri,Fastfood,20,6,120,Online,Online,Mr.,Night,Saturday,,,,,,,,,,,,,,,,,,
80,24-05-2022,Frankie,Fastfood,50,13,650,Cash,Cash,Mr.,Evening,Tuesday,,,,,,,,,,,,,,,,,,
81,19-11-2022,Frankie,Fastfood,50,12,600,Online,Online,Mrs.,Night,Saturday,,,,,,,,,,,,,,,,,,
82,17-07-2022,Frankie,Fastfood,50,3,150,Online,Online,Mrs.,Evening,Sunday,,,,,,,,,,,,,,,,,,
83,13-11-2022,Frankie,Fastfood,50,11,550,,Credit,Mr.,Evening,Sunday,,,,,,,,,,,,,,,,,,
84,03-03-2023,Panipuri,Fastfood,20,13,260,Cash,Cash,Mr.,Midnight,Friday,,,,,,,,,,,,,,,,,,
85,19-08-2022,Aalopuri,Fastfood,20,3,60,Online,Online,Mrs.,Night,Friday,,,,,,,,,,,,,,,,,,
86,09-03-2023,Aalopuri,Fastfood,20,15,300,Cash,Cash,Mr.,Morning,Thursday,,,,,,,,,,,,,,,,,,
87,29-05-2022,Aalopuri,Fastfood,20,8,160,Cash,Cash,Mr.,Night,Sunday,,,,,,,,,,,,,,,,,,
88,07-07-2022,Cold coffee,Beverages,40,10,400,Cash,Cash,Mr.,Evening,Thursday,,,,,,,,,,,,,,,,,,
89,23-12-2022,Aalopuri,Fastfood,20,14,280,Cash,Cash,Mr.,Evening,Friday,,,,,,,,,,,,,,,,,,
90,29-10-2022,Vadapav,Fastfood,20,15,300,Online,Online,Mr.,Night,Saturday,,,,,,,,,,,,,,,,,,
91,22-03-2023,Cold coffee,Beverages,40,6,240,,Credit,Mrs.,Evening,Wednesday,,,,,,,,,,,,,,,,,,
92,13-05-2022,Aalopuri,Fastfood,20,15,300,Cash,Cash,Mr.,Afternoon,Friday,,,,,,,,,,,,,,,,,,
93,03-07-2022,Cold coffee,Beverages,40,2,80,Online,Online,Mrs.,Midnight,Sunday,,,,,,,,,,,,,,,,,,
94,14-09-2022,Aalopuri,Fastfood,20,15,300,,Credit,Mrs.,Night,Wednesday,,,,,,,,,,,,,,,,,,
95,12-05-2022,Sugarcane juice,Beverages,25,8,200,Online,Online,Mr.,Night,Thursday,,,,,,,,,,,,,,,,,,
96,22-08-2022,Sandwich,Fastfood,60,15,900,,Credit,Mr.,Morning,Monday,,,,,,,,,,,,,,,,,,
97,29-03-2023,Cold coffee,Beverages,40,13,520,Online,Online,Mr.,Evening,Wednesday,,,,,,,,,,,,,,,,,,
98,24-12-2022,Vadapav,Fastfood,20,1,20,Online,Online,Mr.,Morning,Saturday,,,,,,,,,,,,,,,,,,
99,11-09-2022,Sugarcane juice,Beverages,25,3,75,Cash,Cash,Mr.,Evening,Sunday,,,,,,,,,,,,,,,,,,
100,08-05-2022,Panipuri,Fastfood,20,11,220,,Credit,Mr.,Morning,Sunday,,,,,,,,,,,,,,,,,,
101,26-03-2023,Vadapav,Fastfood,20,3,60,Online,Online,Mrs.,Morning,Sunday,,,,,,,,,,,,,,,,,,
102,13-03-2023,Cold coffee,Beverages,40,14,560,Cash,Cash,Mr.,Morning,Monday,,,,,,,,,,,,,,,,,,
103,14-03-2023,Cold coffee,Beverages,40,8,320,Online,Online,Mrs.,Midnight,Tuesday,,,,,,,,,,,,,,,,,,
104,27-10-2022,Cold coffee,Beverages,40,13,520,Online,Online,Mr.,Morning,Thursday,,,,,,,,,,,,,,,,,,
105,25-01-2023,Panipuri,Fastfood,20,8,160,Cash,Cash,Mrs.,Evening,Wednesday,,,,,,,,,,,,,,,,,,
106,25-02-2023,Frankie,Fastfood,50,9,450,Cash,Cash,Mrs.,Evening,Saturday,,,,,,,,,,,,,,,,,,
107,07-02-2023,Sandwich,Fastfood,60,4,240,Online,Online,Mr.,Afternoon,Tuesday,,,,,,,,,,,,,,,,,,
108,06-08-2022,Panipuri,Fastfood,20,5,100,Online,Online,Mr.,Afternoon,Saturday,,,,,,,,,,,,,,,,,,
109,08-08-2022,Cold coffee,Beverages,40,12,480,,Credit,Mr.,Afternoon,Monday,,,,,,,,,,,,,,,,,,
110,16-11-2022,Panipuri,Fastfood,20,2,40,Online,Online,Mrs.,Morning,Wednesday,,,,,,,,,,,,,,,,,,
111,04-09-2022,Sandwich,Fastfood,60,8,480,Cash,Cash,Mrs.,Midnight,Sunday,,,,,,,,,,,,,,,,,,
112,24-02-2023,Sandwich,Fastfood,60,7,420,Cash,Cash,Mr.,Morning,Friday,,,,,,,,,,,,,,,,,,
113,12-12-2022,Aalopuri,Fastfood,20,8,160,Cash,Cash,Mr.,Afternoon,Monday,,,,,,,,,,,,,,,,,,
114,14-08-2022,Aalopuri,Fastfood,20,10,200,Online,Online,Mr.,Afternoon,Sunday,,,,,,,,,,,,,,,,,,
115,12-01-2023,Aalopuri,Fastfood,20,13,260,,Credit,Mr.,Evening,Thursday,,,,,,,,,,,,,,,,,,
116,26-08-2022,Sugarcane juice,Beverages,25,13,325,Cash,Cash,Mr.,Evening,Friday,,,,,,,,,,,,,,,,,,
117,09-03-2023,Frankie,Fastfood,50,7,350,Online,Online,Mrs.,Evening,Thursday,,,,,,,,,,,,,,,,,,
118,06-07-2022,Sandwich,Fastfood,60,1,60,Online,Online,Mr.,Midnight,Wednesday,,,,,,,,,,,,,,,,,,
119,12-05-2022,Panipuri,Fastfood,20,10,200,Cash,Cash,Mr.,Evening,Thursday,,,,,,,,,,,,,,,,,,
120,10-07-2022,Frankie,Fastfood,50,2,100,Cash,Cash,Mrs.,Evening,Sunday,,,,,,,,,,,,,,,,,,
121,26-08-2022,Cold coffee,Beverages,40,8,320,Cash,Cash,Mr.,Afternoon,Friday,,,,,,,,,,,,,,,,,,
122,24-04-2022,Panipuri,Fastfood,20,3,60,,Credit,Mrs.,Night,Sunday,,,,,,,,,,,,,,,,,,
123,09-06-2022,Cold coffee,Beverages,40,6,240,Online,Online,Mr.,Evening,Thursday,,,,,,,,,,,,,,,,,,
124,14-10-2022,Sugarcane juice,Beverages,25,13,325,,Credit,Mrs.,Evening,Friday,,,,,,,,,,,,,,,,,,
125,10-04-2022,Vadapav,Fastfood,20,7,140,Cash,Cash,Mrs.,Midnight,Sunday,,,,,,,,,,,,,,,,,,
126,08-04-2022,Panipuri,Fastfood,20,11,220,Online,Online,Mrs.,Night,Friday,,,,,,,,,,,,,,,,,,
127,03-12-2022,Aalopuri,Fastfood,20,1,20,,Credit,Mrs.,Morning,Saturday,,,,,,,,,,,,,,,,,,
128,07-08-2022,Vadapav,Fastfood,20,11,220,Online,Online,Mr.,Midnight,Sunday,,,,,,,,,,,,,,,,,,
129,19-10-2022,Panipuri,Fastfood,20,13,260,Cash,Cash,Mrs.,Morning,Wednesday,,,,,,,,,,,,,,,,,,
130,28-12-2022,Sugarcane juice,Beverages,25,7,175,Cash,Cash,Mr.,Night,Wednesday,,,,,,,,,,,,,,,,,,
131,19-01-2023,Sandwich,Fastfood,60,8,480,Cash,Cash,Mr.,Night,Thursday,,,,,,,,,,,,,,,,,,
132,05-12-2022,Vadapav,Fastfood,20,4,80,Online,Online,Mrs.,Night,Monday,,,,,,,,,,,,,,,,,,
133,20-12-2022,Aalopuri,Fastfood,20,5,100,Online,Online,Mr.,Midnight,Tuesday,,,,,,,,,,,,,,,,,,
134,17-07-2022,Aalopuri,Fastfood,20,12,240,Online,Online,Mrs.,Night,Sunday,,,,,,,,,,,,,,,,,,
135,14-01-2023,Aalopuri,Fastfood,20,8,160,Online,Online,Mr.,Midnight,Saturday,,,,,,,,,,,,,,,,,,
136,24-08-2022,Aalopuri,Fastfood,20,15,300,Online,Online,Mr.,Morning,Wednesday,,,,,,,,,,,,,,,,,,
137,19-03-2023,Sugarcane juice,Beverages,25,6,150,,Credit,Mr.,Afternoon,Sunday,,,,,,,,,,,,,,,,,,
138,01-09-2022,Sandwich,Fastfood,60,15,900,Online,Online,Mr.,Night,Thursday,,,,,,,,,,,,,,,,,,
139,26-02-2023,Frankie,Fastfood,50,11,550,Online,Online,Mrs.,Night,Sunday,,,,,,,,,,,,,,,,,,
140,12-06-2022,Frankie,Fastfood,50,13,650,Cash,Cash,Mr.,Night,Sunday,,,,,,,,,,,,,,,,,,
141,15-06-2022,Aalopuri,Fastfood,20,4,80,,Credit,Mr.,Evening,Wednesday,,,,,,,,,,,,,,,,,,
142,30-12-2022,Sugarcane juice,Beverages,25,12,300,Cash,Cash,Mrs.,Morning,Friday,,,,,,,,,,,,,,,,,,
143,18-09-2022,Frankie,Fastfood,50,8,400,,Credit,Mrs.,Afternoon,Sunday,,,,,,,,,,,,,,,,,,
144,17-11-2022,Panipuri,Fastfood,20,10,200,Cash,Cash,Mrs.,Evening,Thursday,,,,,,,,,,,,,,,,,,
145,09-10-2022,Sandwich,Fastfood,60,14,840,Online,Online,Mr.,Morning,Sunday,,,,,,,,,,,,,,,,,,
146,28-10-2022,Frankie,Fastfood,50,4,200,,Credit,Mrs.,Afternoon,Friday,,,,,,,,,,,,,,,,,,
147,17-05-2022,Panipuri,Fastfood,20,7,140,Online,Online,Mr.,Evening,Tuesday,,,,,,,,,,,,,,,,,,
148,19-03-2023,Sandwich,Fastfood,60,13,780,Online,Online,Mr.,Evening,Sunday,,,,,,,,,,,,,,,,,,
149,09-08-2022,Sandwich,Fastfood,60,7,420,Online,Online,Mr.,Morning,Tuesday,,,,,,,,,,,,,,,,,,
150,30-01-2023,Cold coffee,Beverages,40,14,560,Cash,Cash,Mr.,Afternoon,Monday,,,,,,,,,,,,,,,,,,
151,10-07-2022,Frankie,Fastfood,50,13,650,Online,Online,Mrs.,Morning,Sunday,,,,,,,,,,,,,,,,,,
152,24-10-2022,Cold coffee,Beverages,40,9,360,Online,Online,Mr.,Afternoon,Monday,,,,,,,,,,,,,,,,,,
153,21-07-2022,Panipuri,Fastfood,20,1,20,Cash,Cash,Mrs.,Evening,Thursday,,,,,,,,,,,,,,,,,,
154,13-12-2022,Vadapav,Fastfood,20,3,60,Cash,Cash,Mr.,Night,Tuesday,,,,,,,,,,,,,,,,,,
155,07-02-2023,Sugarcane juice,Beverages,25,10,250,Cash,Cash,Mrs.,Evening,Tuesday,,,,,,,,,,,,,,,,,,
156,25-03-2023,Panipuri,Fastfood,20,14,280,Cash,Cash,Mr.,Midnight,Saturday,,,,,,,,,,,,,,,,,,
157,24-02-2023,Frankie,Fastfood,50,7,350,Online,Online,Mrs.,Midnight,Friday,,,,,,,,,,,,,,,,,,
158,16-05-2022,Aalopuri,Fastfood,20,2,40,,Credit,Mr.,Midnight,Monday,,,,,,,,,,,,,,,,,,
159,03-10-2022,Sugarcane juice,Beverages,25,1,25,Online,Online,Mrs.,Afternoon,Monday,,,,,,,,,,,,,,,,,,
160,23-07-2022,Vadapav,Fastfood,20,10,200,Online,Online,Mr.,Night,Saturday,,,,,,,,,,,,,,,,,,
161,19-01-2023,Sugarcane juice,Beverages,25,12,300,Cash,Cash,Mr.,Evening,Thursday,,,,,,,,,,,,,,,,,,
162,07-05-2022,Aalopuri,Fastfood,20,11,220,Cash,Cash,Mr.,Midnight,Saturday,,,,,,,,,,,,,,,,,,
163,06-01-2023,Frankie,Fastfood,50,6,300,Online,Online,Mrs.,Midnight,Friday,,,,,,,,,,,,,,,,,,
164,10-08-2022,Sugarcane juice,Beverages,25,7,175,Online,Online,Mr.,Afternoon,Wednesday,,,,,,,,,,,,,,,,,,
165,05-01-2023,Sandwich,Fastfood,60,11,660,Cash,Cash,Mr.,Midnight,Thursday,,,,,,,,,,,,,,,,,,
166,01-06-2022,Panipuri,Fastfood,20,6,120,Cash,Cash,Mrs.,Evening,Wednesday,,,,,,,,,,,,,,,,,,
167,23-02-2023,Cold coffee,Beverages,40,6,240,Cash,Cash,Mrs.,Morning,Thursday,,,,,,,,,,,,,,,,,,
168,19-04-2022,Sandwich,Fastfood,60,4,240,Cash,Cash,Mrs.,Midnight,Tuesday,,,,,,,,,,,,,,,,,,
169,20-06-2022,Vadapav,Fastfood,20,6,120,Cash,Cash,Mr.,Morning,Monday,,,,,,,,,,,,,,,,,,
170,13-02-2023,Aalopuri,Fastfood,20,6,120,,Credit,Mrs.,Afternoon,Monday,,,,,,,,,,,,,,,,,,
171,02-03-2023,Vadapav,Fastfood,20,11,220,Cash,Cash,Mrs.,Midnight,Thursday,,,,,,,,,,,,,,,,,,
172,27-08-2022,Sugarcane juice,Beverages,25,6,150,Online,Online,Mrs.,Night,Saturday,,,,,,,,,,,,,,,,,,
173,20-01-2023,Cold coffee,Beverages,40,2,80,Online,Online,Mr.,Night,Friday,,,,,,,,,,,,,,,,,,
174,03-09-2022,Aalopuri,Fastfood,20,2,40,Online,Online,Mr.,Evening,Saturday,,,,,,,,,,,,,,,,,,
175,17-10-2022,Frankie,Fastfood,50,12,600,Cash,Cash,Mrs.,Afternoon,Monday,,,,,,,,,,,,,,,,,,
176,04-08-2022,Panipuri,Fastfood,20,1,20,Cash,Cash,Mrs.,Midnight,Thursday,,,,,,,,,,,,,,,,,,
177,21-07-2022,Panipuri,Fastfood,20,11,220,Online,Online,Mrs.,Morning,Thursday,,,,,,,,,,,,,,,,,,
178,09-12-2022,Aalopuri,Fastfood,20,2,40,Cash,Cash,Mrs.,Morning,Friday,,,,,,,,,,,,,,,,,,
179,03-03-2023,Sugarcane juice,Beverages,25,5,125,,Credit,Mrs.,Midnight,Friday,,,,,,,,,,,,,,,,,,
180,01-12-2022,Vadapav,Fastfood,20,6,120,Online,Online,Mrs.,Afternoon,Thursday,,,,,,,,,,,,,,,,,,
181,09-06-2022,Cold coffee,Beverages,40,7,280,Cash,Cash,Mrs.,Night,Thursday,,,,,,,,,,,,,,,,,,
182,02-07-2022,Cold coffee,Beverages,40,1,40,Cash,Cash,Mr.,Midnight,Saturday,,,,,,,,,,,,,,,,,,
183,10-07-2022,Sugarcane juice,Beverages,25,5,125,Cash,Cash,Mrs.,Midnight,Sunday,,,,,,,,,,,,,,,,,,
184,03-01-2023,Cold coffee,Beverages,40,8,320,Cash,Cash,Mr.,Night,Tuesday,,,,,,,,,,,,,,,,,,
185,13-01-2023,Sugarcane juice,Beverages,25,15,375,,Credit,Mr.,Night,Friday,,,,,,,,,,,,,,,,,,
186,15-03-2023,Frankie,Fastfood,50,2,100,Online,Online,Mr.,Afternoon,Wednesday,,,,,,,,,,,,,,,,,,
187,11-10-2022,Aalopuri,Fastfood,20,15,300,Cash,Cash,Mrs.,Morning,Tuesday,,,,,,,,,,,,,,,,,,
188,28-12-2022,Panipuri,Fastfood,20,14,280,Cash,Cash,Mrs.,Night,Wednesday,,,,,,,,,,,,,,,,,,
189,08-02-2023,Vadapav,Fastfood,20,12,240,Online,Online,Mr.,Afternoon,Wednesday,,,,,,,,,,,,,,,,,,
190,26-04-2022,Cold coffee,Beverages,40,1,40,Online,Online,Mr.,Evening,Tuesday,,,,,,,,,,,,,,,,,,
191,20-05-2022,Sugarcane juice,Beverages,25,14,350,Cash,Cash,Mrs.,Morning,Friday,,,,,,,,,,,,,,,,,,
192,26-10-2022,Vadapav,Fastfood,20,2,40,Online,Online,Mr.,Night,Wednesday,,,,,,,,,,,,,,,,,,
193,05-02-2023,Cold coffee,Beverages,40,15,600,Online,Online,Mrs.,Midnight,Sunday,,,,,,,,,,,,,,,,,,
194,15-12-2022,Vadapav,Fastfood,20,4,80,Cash,Cash,Mrs.,Morning,Thursday,,,,,,,,,,,,,,,,,,
195,23-04-2022,Sandwich,Fastfood,60,4,240,Cash,Cash,Mrs.,Night,Saturday,,,,,,,,,,,,,,,,,,
196,25-06-2022,Sandwich,Fastfood,60,3,180,Cash,Cash,Mr.,Evening,Saturday,,,,,,,,,,,,,,,,,,
197,08-11-2022,Panipuri,Fastfood,20,10,200,Cash,Cash,Mrs.,Midnight,Tuesday,,,,,,,,,,,,,,,,,,
198,05-01-2023,Frankie,Fastfood,50,15,750,Cash,Cash,Mr.,Morning,Thursday,,,,,,,,,,,,,,,,,,
199,01-02-2023,Frankie,Fastfood,50,6,300,Online,Online,Mrs.,Morning,Wednesday,,,,,,,,,,,,,,,,,,
200,25-12-2022,Cold coffee,Beverages,40,10,400,Cash,Cash,Mrs.,Morning,Sunday,,,,,,,,,,,,,,,,,,
201,30-06-2022,Panipuri,Fastfood,20,8,160,Cash,Cash,Mr.,Morning,Thursday,,,,,,,,,,,,,,,,,,
202,21-09-2022,Aalopuri,Fastfood,20,9,180,Cash,Cash,Mr.,Afternoon,Wednesday,,,,,,,,,,,,,,,,,,
203,11-04-2022,Vadapav,Fastfood,20,6,120,Online,Online,Mrs.,Midnight,Monday,,,,,,,,,,,,,,,,,,
204,24-10-2022,Cold coffee,Beverages,40,7,280,Cash,Cash,Mrs.,Evening,Monday,,,,,,,,,,,,,,,,,,
205,17-10-2022,Vadapav,Fastfood,20,4,80,,Credit,Mr.,Afternoon,Monday,,,,,,,,,,,,,,,,,,
206,27-07-2022,Aalopuri,Fastfood,20,4,80,Cash,Cash,Mr.,Night,Wednesday,,,,,,,,,,,,,,,,,,
207,20-02-2023,Cold coffee,Beverages,40,8,320,Online,Online,Mrs.,Evening,Monday,,,,,,,,,,,,,,,,,,
208,26-08-2022,Cold coffee,Beverages,40,13,520,Cash,Cash,Mrs.,Midnight,Friday,,,,,,,,,,,,,,,,,,
209,04-12-2022,Aalopuri,Fastfood,20,2,40,Cash,Cash,Mr.,Night,Sunday,,,,,,,,,,,,,,,,,,
210,02-01-2023,Sugarcane juice,Beverages,25,15,375,,Credit,Mr.,Night,Monday,,,,,,,,,,,,,,,,,,
211,18-04-2022,Aalopuri,Fastfood,20,12,240,Cash,Cash,Mr.,Morning,Monday,,,,,,,,,,,,,,,,,,
212,05-05-2022,Cold coffee,Beverages,40,12,480,Online,Online,Mrs.,Morning,Thursday,,,,,,,,,,,,,,,,,,
213,29-09-2022,Vadapav,Fastfood,20,3,60,,Credit,Mrs.,Midnight,Thursday,,,,,,,,,,,,,,,,,,
214,03-12-2022,Sugarcane juice,Beverages,25,14,350,Online,Online,Mr.,Evening,Saturday,,,,,,,,,,,,,,,,,,
215,10-12-2022,Sugarcane juice,Beverages,25,7,175,,Credit,Mrs.,Morning,Saturday,,,,,,,,,,,,,,,,,,
216,07-03-2023,Panipuri,Fastfood,20,9,180,Cash,Cash,Mrs.,Afternoon,Tuesday,,,,,,,,,,,,,,,,,,
217,23-03-2023,Cold coffee,Beverages,40,10,400,Cash,Cash,Mr.,Morning,Thursday,,,,,,,,,,,,,,,,,,
218,23-12-2022,Cold coffee,Beverages,40,13,520,Online,Online,Mrs.,Midnight,Friday,,,,,,,,,,,,,,,,,,
219,01-10-2022,Aalopuri,Fastfood,20,9,180,Cash,Cash,Mrs.,Evening,Saturday,,,,,,,,,,,,,,,,,,
220,13-05-2022,Sugarcane juice,Beverages,25,1,25,Cash,Cash,Mr.,Afternoon,Friday,,,,,,,,,,,,,,,,,,
221,26-03-2023,Sandwich,Fastfood,60,1,60,Online,Online,Mr.,Evening,Sunday,,,,,,,,,,,,,,,,,,
222,11-09-2022,Sandwich,Fastfood,60,6,360,Cash,Cash,Mrs.,Morning,Sunday,,,,,,,,,,,,,,,,,,
223,21-09-2022,Panipuri,Fastfood,20,13,260,Online,Online,Mr.,Night,Wednesday,,,,,,,,,,,,,,,,,,
224,23-03-2023,Sugarcane juice,Beverages,25,14,350,Cash,Cash,Mr.,Afternoon,Thursday,,,,,,,,,,,,,,,,,,
225,16-03-2023,Frankie,Fastfood,50,11,550,Cash,Cash,Mrs.,Evening,Thursday,,,,,,,,,,,,,,,,,,
226,12-12-2022,Aalopuri,Fastfood,20,13,260,Online,Online,Mrs.,Afternoon,Monday,,,,,,,,,,,,,,,,,,
227,17-11-2022,Cold coffee,Beverages,40,5,200,Cash,Cash,Mrs.,Afternoon,Thursday,,,,,,,,,,,,,,,,,,
228,05-11-2022,Panipuri,Fastfood,20,8,160,Online,Online,Mr.,Night,Saturday,,,,,,,,,,,,,,,,,,
229,15-12-2022,Panipuri,Fastfood,20,7,140,,Credit,Mr.,Evening,Thursday,,,,,,,,,,,,,,,,,,
230,16-04-2022,Frankie,Fastfood,50,6,300,Online,Online,Mr.,Afternoon,Saturday,,,,,,,,,,,,,,,,,,
231,16-04-2022,Sugarcane juice,Beverages,25,3,75,,Credit,Mr.,Night,Saturday,,,,,,,,,,,,,,,,,,
232,23-04-2022,Vadapav,Fastfood,20,13,260,Cash,Cash,Mrs.,Night,Saturday,,,,,,,,,,,,,,,,,,
233,31-07-2022,Panipuri,Fastfood,20,5,100,Cash,Cash,Mr.,Morning,Sunday,,,,,,,,,,,,,,,,,,
234,27-07-2022,Panipuri,Fastfood,20,10,200,Cash,Cash,Mr.,Midnight,Wednesday,,,,,,,,,,,,,,,,,,
235,29-11-2022,Sandwich,Fastfood,60,10,600,Cash,Cash,Mrs.,Afternoon,Tuesday,,,,,,,,,,,,,,,,,,
236,26-06-2022,Vadapav,Fastfood,20,12,240,,Credit,Mrs.,Evening,Sunday,,,,,,,,,,,,,,,,,,
237,08-11-2022,Panipuri,Fastfood,20,13,260,Cash,Cash,Mrs.,Midnight,Tuesday,,,,,,,,,,,,,,,,,,
238,26-04-2022,Vadapav,Fastfood,20,13,260,Cash,Cash,Mr.,Morning,Tuesday,,,,,,,,,,,,,,,,,,
239,04-12-2022,Frankie,Fastfood,50,4,200,Online,Online,Mr.,Evening,Sunday,,,,,,,,,,,,,,,,,,
240,11-12-2022,Sandwich,Fastfood,60,10,600,Cash,Cash,Mrs.,Morning,Sunday,,,,,,,,,,,,,,,,,,
241,06-06-2022,Sugarcane juice,Beverages,25,2,50,Cash,Cash,Mr.,Afternoon,Monday,,,,,,,,,,,,,,,,,,
242,23-12-2022,Cold coffee,Beverages,40,4,160,Online,Online,Mrs.,Midnight,Friday,,,,,,,,,,,,,,,,,,
243,12-11-2022,Panipuri,Fastfood,20,5,100,Cash,Cash,Mrs.,Midnight,Saturday,,,,,,,,,,,,,,,,,,
244,22-11-2022,Sandwich,Fastfood,60,10,600,Online,Online,Mrs.,Midnight,Tuesday,,,,,,,,,,,,,,,,,,
245,03-10-2022,Vadapav,Fastfood,20,2,40,Cash,Cash,Mrs.,Morning,Monday,,,,,,,,,,,,,,,,,,
246,16-11-2022,Vadapav,Fastfood,20,10,200,Cash,Cash,Mr.,Afternoon,Wednesday,,,,,,,,,,,,,,,,,,
247,03-10-2022,Sugarcane juice,Beverages,25,6,150,,Credit,Mr.,Midnight,Monday,,,,,,,,,,,,,,,,,,
248,17-04-2022,Frankie,Fastfood,50,5,250,Online,Online,Mrs.,Midnight,Sunday,,,,,,,,,,,,,,,,,,
249,26-10-2022,Sugarcane juice,Beverages,25,3,75,Online,Online,Mrs.,Afternoon,Wednesday,,,,,,,,,,,,,,,,,,
250,15-11-2022,Sugarcane juice,Beverages,25,6,150,Online,Online,Mrs.,Midnight,Tuesday,,,,,,,,,,,,,,,,,,
251,21-12-2022,Cold coffee,Beverages,40,13,520,,Credit,Mrs.,Afternoon,Wednesday,,,,,,,,,,,,,,,,,,
252,26-03-2023,Vadapav,Fastfood,20,8,160,Online,Online,Mr.,Midnight,Sunday,,,,,,,,,,,,,,,,,,
253,18-06-2022,Sugarcane juice,Beverages,25,13,325,Online,Online,Mr.,Afternoon,Saturday,,,,,,,,,,,,,,,,,,
254,09-10-2022,Cold coffee,Beverages,40,12,480,,Credit,Mrs.,Afternoon,Sunday,,,,,,,,,,,,,,,,,,
255,30-04-2022,Vadapav,Fastfood,20,7,140,,Credit,Mrs.,Afternoon,Saturday,,,,,,,,,,,,,,,,,,
256,16-03-2023,Aalopuri,Fastfood,20,3,60,Online,Online,Mrs.,Midnight,Thursday,,,,,,,,,,,,,,,,,,
257,03-01-2023,Sandwich,Fastfood,60,10,600,Cash,Cash,Mrs.,Midnight,Tuesday,,,,,,,,,,,,,,,,,,
258,06-09-2022,Vadapav,Fastfood,20,14,280,Cash,Cash,Mr.,Midnight,Tuesday,,,,,,,,,,,,,,,,,,
259,18-11-2022,Sandwich,Fastfood,60,4,240,Online,Online,Mr.,Morning,Friday,,,,,,,,,,,,,,,,,,
260,10-09-2022,Sugarcane juice,Beverages,25,2,50,Online,Online,Mrs.,Night,Saturday,,,,,,,,,,,,,,,,,,
261,11-01-2023,Frankie,Fastfood,50,9,450,Cash,Cash,Mrs.,Midnight,Wednesday,,,,,,,,,,,,,,,,,,
262,05-03-2023,Vadapav,Fastfood,20,5,100,,Credit,Mrs.,Evening,Sunday,,,,,,,,,,,,,,,,,,
263,19-06-2022,Panipuri,Fastfood,20,2,40,Cash,Cash,Mr.,Evening,Sunday,,,,,,,,,,,,,,,,,,
264,18-07-2022,Sugarcane juice,Beverages,25,12,300,Online,Online,Mr.,Morning,Monday,,,,,,,,,,,,,,,,,,
265,15-08-2022,Vadapav,Fastfood,20,6,120,Cash,Cash,Mr.,Midnight,Monday,,,,,,,,,,,,,,,,,,
266,02-10-2022,Frankie,Fastfood,50,10,500,Online,Online,Mrs.,Night,Sunday,,,,,,,,,,,,,,,,,,
267,05-03-2023,Vadapav,Fastfood,20,1,20,Cash,Cash,Mr.,Morning,Sunday,,,,,,,,,,,,,,,,,,
268,05-02-2023,Cold coffee,Beverages,40,12,480,Cash,Cash,Mrs.,Midnight,Sunday,,,,,,,,,,,,,,,,,,
269,22-12-2022,Panipuri,Fastfood,20,2,40,,Credit,Mrs.,Midnight,Thursday,,,,,,,,,,,,,,,,,,
270,07-09-2022,Sandwich,Fastfood,60,13,780,Cash,Cash,Mr.,Evening,Wednesday,,,,,,,,,,,,,,,,,,
271,03-05-2022,Vadapav,Fastfood,20,13,260,Cash,Cash,Mr.,Evening,Tuesday,,,,,,,,,,,,,,,,,,
272,29-07-2022,Frankie,Fastfood,50,5,250,Online,Online,Mrs.,Night,Friday,,,,,,,,,,,,,,,,,,
273,15-08-2022,Panipuri,Fastfood,20,15,300,Cash,Cash,Mr.,Midnight,Monday,,,,,,,,,,,,,,,,,,
274,04-01-2023,Sugarcane juice,Beverages,25,10,250,Online,Online,Mr.,Night,Wednesday,,,,,,,,,,,,,,,,,,
275,04-02-2023,Vadapav,Fastfood,20,15,300,Online,Online,Mr.,Night,Saturday,,,,,,,,,,,,,,,,,,
276,30-09-2022,Sugarcane juice,Beverages,25,6,150,Cash,Cash,Mr.,Midnight,Friday,,,,,,,,,,,,,,,,,,
277,08-12-2022,Cold coffee,Beverages,40,13,520,Cash,Cash,Mrs.,Midnight,Thursday,,,,,,,,,,,,,,,,,,
278,19-06-2022,Frankie,Fastfood,50,6,300,Online,Online,Mrs.,Night,Sunday,,,,,,,,,,,,,,,,,,
279,14-09-2022,Vadapav,Fastfood,20,15,300,Cash,Cash,Mrs.,Afternoon,Wednesday,,,,,,,,,,,,,,,,,,
280,09-10-2022,Panipuri,Fastfood,20,14,280,Online,Online,Mrs.,Evening,Sunday,,,,,,,,,,,,,,,,,,
281,09-08-2022,Sandwich,Fastfood,60,3,180,Cash,Cash,Mrs.,Afternoon,Tuesday,,,,,,,,,,,,,,,,,,
282,16-05-2022,Vadapav,Fastfood,20,13,260,,Credit,Mrs.,Morning,Monday,,,,,,,,,,,,,,,,,,
283,02-07-2022,Panipuri,Fastfood,20,2,40,Cash,Cash,Mrs.,Midnight,Saturday,,,,,,,,,,,,,,,,,,
284,29-01-2023,Frankie,Fastfood,50,7,350,,Credit,Mr.,Afternoon,Sunday,,,,,,,,,,,,,,,,,,
285,28-06-2022,Aalopuri,Fastfood,20,3,60,,Credit,Mr.,Night,Tuesday,,,,,,,,,,,,,,,,,,
286,14-12-2022,Vadapav,Fastfood,20,6,120,,Credit,Mr.,Night,Wednesday,,,,,,,,,,,,,,,,,,
287,06-08-2022,Aalopuri,Fastfood,20,3,60,Cash,Cash,Mr.,Morning,Saturday,,,,,,,,,,,,,,,,,,
288,22-08-2022,Sandwich,Fastfood,60,7,420,Cash,Cash,Mr.,Night,Monday,,,,,,,,,,,,,,,,,,
289,28-11-2022,Aalopuri,Fastfood,20,7,140,Online,Online,Mrs.,Midnight,Monday,,,,,,,,,,,,,,,,,,
290,03-05-2022,Panipuri,Fastfood,20,7,140,Cash,Cash,Mrs.,Morning,Tuesday,,,,,,,,,,,,,,,,,,
291,27-01-2023,Frankie,Fastfood,50,8,400,Online,Online,Mrs.,Night,Friday,,,,,,,,,,,,,,,,,,
292,16-01-2023,Frankie,Fastfood,50,2,100,Cash,Cash,Mrs.,Midnight,Monday,,,,,,,,,,,,,,,,,,
293,21-04-2022,Panipuri,Fastfood,20,8,160,Online,Online,Mrs.,Morning,Thursday,,,,,,,,,,,,,,,,,,
294,23-09-2022,Aalopuri,Fastfood,20,1,20,Cash,Cash,Mrs.,Evening,Friday,,,,,,,,,,,,,,,,,,
295,21-07-2022,Sandwich,Fastfood,60,7,420,Cash,Cash,Mr.,Midnight,Thursday,,,,,,,,,,,,,,,,,,
296,06-02-2023,Panipuri,Fastfood,20,7,140,Cash,Cash,Mrs.,Afternoon,Monday,,,,,,,,,,,,,,,,,,
297,30-04-2022,Sandwich,Fastfood,60,10,600,Online,Online,Mr.,Evening,Saturday,,,,,,,,,,,,,,,,,,
298,19-07-2022,Sugarcane juice,Beverages,25,9,225,Cash,Cash,Mrs.,Afternoon,Tuesday,,,,,,,,,,,,,,,,,,
299,22-07-2022,Aalopuri,Fastfood,20,1,20,Online,Online,Mrs.,Evening,Friday,,,,,,,,,,,,,,,,,,
300,27-06-2022,Aalopuri,Fastfood,20,8,160,Cash,Cash,Mr.,Afternoon,Monday,,,,,,,,,,,,,,,,,,
301,28-01-2023,Panipuri,Fastfood,20,7,140,Cash,Cash,Mr.,Night,Saturday,,,,,,,,,,,,,,,,,,
302,21-03-2023,Aalopuri,Fastfood,20,14,280,Cash,Cash,Mr.,Night,Tuesday,,,,,,,,,,,,,,,,,,
303,02-07-2022,Sugarcane juice,Beverages,25,1,25,Cash,Cash,Mrs.,Midnight,Saturday,,,,,,,,,,,,,,,,,,
304,28-05-2022,Vadapav,Fastfood,20,15,300,Online,Online,Mr.,Morning,Saturday,,,,,,,,,,,,,,,,,,
305,05-03-2023,Panipuri,Fastfood,20,4,80,,Credit,Mrs.,Morning,Sunday,,,,,,,,,,,,,,,,,,
306,03-03-2023,Cold coffee,Beverages,40,8,320,Online,Online,Mrs.,Morning,Friday,,,,,,,,,,,,,,,,,,
307,13-02-2023,Vadapav,Fastfood,20,8,160,Cash,Cash,Mr.,Evening,Monday,,,,,,,,,,,,,,,,,,
308,17-12-2022,Sandwich,Fastfood,60,13,780,Online,Online,Mr.,Evening,Saturday,,,,,,,,,,,,,,,,,,
309,14-10-2022,Sandwich,Fastfood,60,8,480,Online,Online,Mr.,Evening,Friday,,,,,,,,,,,,,,,,,,
310,25-04-2022,Vadapav,Fastfood,20,4,80,Cash,Cash,Mr.,Afternoon,Monday,,,,,,,,,,,,,,,,,,
311,31-07-2022,Frankie,Fastfood,50,7,350,,Credit,Mrs.,Morning,Sunday,,,,,,,,,,,,,,,,,,
312,28-12-2022,Cold coffee,Beverages,40,1,40,Cash,Cash,Mrs.,Night,Wednesday,,,,,,,,,,,,,,,,,,
313,19-04-2022,Cold coffee,Beverages,40,1,40,Cash,Cash,Mr.,Midnight,Tuesday,,,,,,,,,,,,,,,,,,
314,27-02-2023,Frankie,Fastfood,50,8,400,Online,Online,Mrs.,Morning,Monday,,,,,,,,,,,,,,,,,,
315,20-02-2023,Cold coffee,Beverages,40,13,520,Online,Online,Mrs.,Afternoon,Monday,,,,,,,,,,,,,,,,,,
316,02-11-2022,Frankie,Fastfood,50,4,200,Online,Online,Mr.,Morning,Wednesday,,,,,,,,,,,,,,,,,,
317,10-03-2023,Aalopuri,Fastfood,20,12,240,Online,Online,Mrs.,Afternoon,Friday,,,,,,,,,,,,,,,,,,
318,21-12-2022,Aalopuri,Fastfood,20,10,200,Online,Online,Mrs.,Midnight,Wednesday,,,,,,,,,,,,,,,,,,
319,30-06-2022,Frankie,Fastfood,50,15,750,Cash,Cash,Mr.,Afternoon,Thursday,,,,,,,,,,,,,,,,,,
320,18-03-2023,Sugarcane juice,Beverages,25,7,175,Cash,Cash,Mrs.,Afternoon,Saturday,,,,,,,,,,,,,,,,,,
321,08-02-2023,Frankie,Fastfood,50,12,600,Cash,Cash,Mrs.,Evening,Wednesday,,,,,,,,,,,,,,,,,,
322,05-05-2022,Cold coffee,Beverages,40,11,440,Cash,Cash,Mr.,Morning,Thursday,,,,,,,,,,,,,,,,,,
323,29-12-2022,Aalopuri,Fastfood,20,4,80,Cash,Cash,Mr.,Morning,Thursday,,,,,,,,,,,,,,,,,,
324,18-07-2022,Sugarcane juice,Beverages,25,15,375,Online,Online,Mrs.,Night,Monday,,,,,,,,,,,,,,,,,,
325,02-03-2023,Aalopuri,Fastfood,20,12,240,,Credit,Mrs.,Afternoon,Thursday,,,,,,,,,,,,,,,,,,
326,03-05-2022,Sandwich,Fastfood,60,8,480,Cash,Cash,Mr.,Evening,Tuesday,,,,,,,,,,,,,,,,,,
327,29-11-2022,Frankie,Fastfood,50,15,750,Cash,Cash,Mrs.,Midnight,Tuesday,,,,,,,,,,,,,,,,,,
328,16-06-2022,Vadapav,Fastfood,20,3,60,Online,Online,Mr.,Evening,Thursday,,,,,,,,,,,,,,,,,,
329,10-01-2023,Panipuri,Fastfood,20,7,140,Online,Online,Mrs.,Afternoon,Tuesday,,,,,,,,,,,,,,,,,,
330,22-09-2022,Panipuri,Fastfood,20,8,160,,Credit,Mr.,Morning,Thursday,,,,,,,,,,,,,,,,,,
331,21-08-2022,Panipuri,Fastfood,20,4,80,Online,Online,Mrs.,Evening,Sunday,,,,,,,,,,,,,,,,,,
332,17-02-2023,Aalopuri,Fastfood,20,2,40,,Credit,Mrs.,Afternoon,Friday,,,,,,,,,,,,,,,,,,
333,30-10-2022,Sugarcane juice,Beverages,25,11,275,Cash,Cash,Mrs.,Afternoon,Sunday,,,,,,,,,,,,,,,,,,
334,04-04-2022,Cold coffee,Beverages,40,4,160,Cash,Cash,Mrs.,Evening,Monday,,,,,,,,,,,,,,,,,,
335,24-10-2022,Cold coffee,Beverages,40,11,440,Cash,Cash,Mr.,Night,Monday,,,,,,,,,,,,,,,,,,
336,03-09-2022,Sugarcane juice,Beverages,25,13,325,,Credit,Mrs.,Midnight,Saturday,,,,,,,,,,,,,,,,,,
337,15-10-2022,Aalopuri,Fastfood,20,14,280,Online,Online,Mrs.,Midnight,Saturday,,,,,,,,,,,,,,,,,,
338,06-05-2022,Sugarcane juice,Beverages,25,12,300,Cash,Cash,Mr.,Morning,Friday,,,,,,,,,,,,,,,,,,
339,16-02-2023,Sugarcane juice,Beverages,25,1,25,,Credit,Mrs.,Midnight,Thursday,,,,,,,,,,,,,,,,,,
340,02-06-2022,Cold coffee,Beverages,40,4,160,Cash,Cash,Mrs.,Evening,Thursday,,,,,,,,,,,,,,,,,,
341,19-03-2023,Frankie,Fastfood,50,9,450,Cash,Cash,Mrs.,Evening,Sunday,,,,,,,,,,,,,,,,,,
342,11-03-2023,Vadapav,Fastfood,20,7,140,Online,Online,Mr.,Afternoon,Saturday,,,,,,,,,,,,,,,,,,
343,18-01-2023,Sugarcane juice,Beverages,25,5,125,Cash,Cash,Mr.,Afternoon,Wednesday,,,,,,,,,,,,,,,,,,
344,13-05-2022,Cold coffee,Beverages,40,14,560,Cash,Cash,Mr.,Night,Friday,,,,,,,,,,,,,,,,,,
345,09-05-2022,Panipuri,Fastfood,20,14,280,Online,Online,Mrs.,Night,Monday,,,,,,,,,,,,,,,,,,
346,31-01-2023,Cold coffee,Beverages,40,12,480,Cash,Cash,Mr.,Morning,Tuesday,,,,,,,,,,,,,,,,,,
347,24-06-2022,Frankie,Fastfood,50,7,350,Cash,Cash,Mrs.,Afternoon,Friday,,,,,,,,,,,,,,,,,,
348,19-09-2022,Vadapav,Fastfood,20,1,20,Online,Online,Mrs.,Midnight,Monday,,,,,,,,,,,,,,,,,,
349,17-08-2022,Panipuri,Fastfood,20,5,100,Cash,Cash,Mrs.,Evening,Wednesday,,,,,,,,,,,,,,,,,,
350,21-09-2022,Cold coffee,Beverages,40,8,320,Online,Online,Mrs.,Morning,Wednesday,,,,,,,,,,,,,,,,,,
351,08-07-2022,Frankie,Fastfood,50,5,250,Online,Online,Mrs.,Night,Friday,,,,,,,,,,,,,,,,,,
352,25-05-2022,Frankie,Fastfood,50,11,550,Cash,Cash,Mrs.,Night,Wednesday,,,,,,,,,,,,,,,,,,
353,18-05-2022,Vadapav,Fastfood,20,4,80,Online,Online,Mrs.,Midnight,Wednesday,,,,,,,,,,,,,,,,,,
354,16-01-2023,Panipuri,Fastfood,20,14,280,Online,Online,Mr.,Midnight,Monday,,,,,,,,,,,,,,,,,,
355,15-03-2023,Cold coffee,Beverages,40,4,160,Online,Online,Mr.,Midnight,Wednesday,,,,,,,,,,,,,,,,,,
356,26-05-2022,Sugarcane juice,Beverages,25,14,350,Cash,Cash,Mrs.,Night,Thursday,,,,,,,,,,,,,,,,,,
357,21-09-2022,Sandwich,Fastfood,60,9,540,Online,Online,Mrs.,Afternoon,Wednesday,,,,,,,,,,,,,,,,,,
358,27-10-2022,Aalopuri,Fastfood,20,6,120,Cash,Cash,Mr.,Night,Thursday,,,,,,,,,,,,,,,,,,
359,27-08-2022,Aalopuri,Fastfood,20,13,260,Online,Online,Mrs.,Night,Saturday,,,,,,,,,,,,,,,,,,
360,06-10-2022,Cold coffee,Beverages,40,2,80,Online,Online,Mrs.,Midnight,Thursday,,,,,,,,,,,,,,,,,,
361,30-06-2022,Sandwich,Fastfood,60,15,900,,Credit,Mrs.,Night,Thursday,,,,,,,,,,,,,,,,,,
362,30-12-2022,Sugarcane juice,Beverages,25,2,50,Cash,Cash,Mr.,Morning,Friday,,,,,,,,,,,,,,,,,,
363,09-05-2022,Frankie,Fastfood,50,9,450,Online,Online,Mr.,Afternoon,Monday,,,,,,,,,,,,,,,,,,
364,11-10-2022,Cold coffee,Beverages,40,2,80,Online,Online,Mr.,Night,Tuesday,,,,,,,,,,,,,,,,,,
365,08-07-2022,Panipuri,Fastfood,20,10,200,Online,Online,Mr.,Night,Friday,,,,,,,,,,,,,,,,,,
366,30-11-2022,Sugarcane juice,Beverages,25,10,250,Online,Online,Mrs.,Afternoon,Wednesday,,,,,,,,,,,,,,,,,,
367,10-08-2022,Panipuri,Fastfood,20,6,120,,Credit,Mr.,Afternoon,Wednesday,,,,,,,,,,,,,,,,,,
368,31-08-2022,Cold coffee,Beverages,40,2,80,Cash,Cash,Mr.,Night,Wednesday,,,,,,,,,,,,,,,,,,
369,03-07-2022,Sandwich,Fastfood,60,2,120,Online,Online,Mrs.,Evening,Sunday,,,,,,,,,,,,,,,,,,
370,28-05-2022,Panipuri,Fastfood,20,5,100,,Credit,Mrs.,Midnight,Saturday,,,,,,,,,,,,,,,,,,
371,18-10-2022,Vadapav,Fastfood,20,5,100,Online,Online,Mrs.,Night,Tuesday,,,,,,,,,,,,,,,,,,
372,19-11-2022,Frankie,Fastfood,50,12,600,,Credit,Mr.,Morning,Saturday,,,,,,,,,,,,,,,,,,
373,08-05-2022,Sugarcane juice,Beverages,25,12,300,Cash,Cash,Mrs.,Midnight,Sunday,,,,,,,,,,,,,,,,,,
374,24-07-2022,Frankie,Fastfood,50,10,500,Online,Online,Mr.,Midnight,Sunday,,,,,,,,,,,,,,,,,,
375,17-11-2022,Panipuri,Fastfood,20,13,260,Cash,Cash,Mr.,Evening,Thursday,,,,,,,,,,,,,,,,,,
376,04-12-2022,Frankie,Fastfood,50,15,750,Cash,Cash,Mr.,Midnight,Sunday,,,,,,,,,,,,,,,,,,
377,20-05-2022,Sugarcane juice,Beverages,25,3,75,Online,Online,Mrs.,Evening,Friday,,,,,,,,,,,,,,,,,,
378,24-04-2022,Vadapav,Fastfood,20,2,40,Cash,Cash,Mrs.,Midnight,Sunday,,,,,,,,,,,,,,,,,,
379,15-02-2023,Cold coffee,Beverages,40,14,560,,Credit,Mr.,Afternoon,Wednesday,,,,,,,,,,,,,,,,,,
380,20-10-2022,Sandwich,Fastfood,60,5,300,Online,Online,Mrs.,Afternoon,Thursday,,,,,,,,,,,,,,,,,,
381,26-02-2023,Vadapav,Fastfood,20,1,20,Online,Online,Mr.,Morning,Sunday,,,,,,,,,,,,,,,,,,
382,16-08-2022,Cold coffee,Beverages,40,9,360,Cash,Cash,Mrs.,Night,Tuesday,,,,,,,,,,,,,,,,,,
383,06-05-2022,Aalopuri,Fastfood,20,7,140,Online,Online,Mrs.,Morning,Friday,,,,,,,,,,,,,,,,,,
384,22-10-2022,Sugarcane juice,Beverages,25,1,25,Online,Online,Mr.,Afternoon,Saturday,,,,,,,,,,,,,,,,,,
385,25-04-2022,Vadapav,Fastfood,20,5,100,Cash,Cash,Mr.,Morning,Monday,,,,,,,,,,,,,,,,,,
386,23-11-2022,Frankie,Fastfood,50,5,250,Online,Online,Mr.,Midnight,Wednesday,,,,,,,,,,,,,,,,,,
387,17-03-2023,Sugarcane juice,Beverages,25,14,350,Cash,Cash,Mrs.,Midnight,Friday,,,,,,,,,,,,,,,,,,
388,09-10-2022,Sandwich,Fastfood,60,14,840,Cash,Cash,Mr.,Evening,Sunday,,,,,,,,,,,,,,,,,,
389,22-12-2022,Sandwich,Fastfood,60,12,720,Cash,Cash,Mrs.,Evening,Thursday,,,,,,,,,,,,,,,,,,
390,18-06-2022,Sugarcane juice,Beverages,25,5,125,,Credit,Mr.,Midnight,Saturday,,,,,,,,,,,,,,,,,,
391,21-04-2022,Aalopuri,Fastfood,20,1,20,Online,Online,Mrs.,Night,Thursday,,,,,,,,,,,,,,,,,,
392,18-09-2022,Aalopuri,Fastfood,20,15,300,Online,Online,Mr.,Night,Sunday,,,,,,,,,,,,,,,,,,
393,02-07-2022,Sugarcane juice,Beverages,25,10,250,Online,Online,Mrs.,Evening,Saturday,,,,,,,,,,,,,,,,,,
394,03-04-2022,Sandwich,Fastfood,60,1,60,Cash,Cash,Mrs.,Morning,Sunday,,,,,,,,,,,,,,,,,,
395,31-01-2023,Sandwich,Fastfood,60,3,180,Cash,Cash,Mrs.,Evening,Tuesday,,,,,,,,,,,,,,,,,,
396,31-10-2022,Frankie,Fastfood,50,15,750,Online,Online,Mr.,Morning,Monday,,,,,,,,,,,,,,,,,,
397,06-07-2022,Aalopuri,Fastfood,20,2,40,Online,Online,Mrs.,Afternoon,Wednesday,,,,,,,,,,,,,,,,,,
398,13-01-2023,Panipuri,Fastfood,20,6,120,Online,Online,Mr.,Evening,Friday,,,,,,,,,,,,,,,,,,
399,24-06-2022,Panipuri,Fastfood,20,9,180,Cash,Cash,Mrs.,Evening,Friday,,,,,,,,,,,,,,,,,,
400,04-03-2023,Cold coffee,Beverages,40,15,600,Cash,Cash,Mrs.,Morning,Saturday,,,,,,,,,,,,,,,,,,
401,11-10-2022,Sugarcane juice,Beverages,25,8,200,Online,Online,Mrs.,Midnight,Tuesday,,,,,,,,,,,,,,,,,,
402,19-03-2023,Frankie,Fastfood,50,7,350,Cash,Cash,Mr.,Night,Sunday,,,,,,,,,,,,,,,,,,
403,25-09-2022,Cold coffee,Beverages,40,3,120,Online,Online,Mrs.,Midnight,Sunday,,,,,,,,,,,,,,,,,,
404,26-11-2022,Frankie,Fastfood,50,7,350,Cash,Cash,Mrs.,Midnight,Saturday,,,,,,,,,,,,,,,,,,
405,13-12-2022,Sugarcane juice,Beverages,25,10,250,Cash,Cash,Mr.,Night,Tuesday,,,,,,,,,,,,,,,,,,
406,13-10-2022,Cold coffee,Beverages,40,4,160,Online,Online,Mrs.,Afternoon,Thursday,,,,,,,,,,,,,,,,,,
407,02-01-2023,Sugarcane juice,Beverages,25,2,50,Cash,Cash,Mr.,Evening,Monday,,,,,,,,,,,,,,,,,,
408,05-10-2022,Vadapav,Fastfood,20,4,80,Online,Online,Mr.,Midnight,Wednesday,,,,,,,,,,,,,,,,,,
409,15-09-2022,Aalopuri,Fastfood,20,9,180,Cash,Cash,Mrs.,Morning,Thursday,,,,,,,,,,,,,,,,,,
410,23-11-2022,Aalopuri,Fastfood,20,15,300,Online,Online,Mr.,Afternoon,Wednesday,,,,,,,,,,,,,,,,,,
411,20-11-2022,Panipuri,Fastfood,20,12,240,Cash,Cash,Mr.,Afternoon,Sunday,,,,,,,,,,,,,,,,,,
412,09-03-2023,Sugarcane juice,Beverages,25,14,350,,Credit,Mr.,Afternoon,Thursday,,,,,,,,,,,,,,,,,,
413,03-04-2022,Aalopuri,Fastfood,20,10,200,Online,Online,Mrs.,Midnight,Sunday,,,,,,,,,,,,,,,,,,
414,21-01-2023,Cold coffee,Beverages,40,13,520,,Credit,Mr.,Night,Saturday,,,,,,,,,,,,,,,,,,
415,05-12-2022,Vadapav,Fastfood,20,8,160,Online,Online,Mr.,Evening,Monday,,,,,,,,,,,,,,,,,,
416,05-08-2022,Sandwich,Fastfood,60,9,540,,Credit,Mr.,Morning,Friday,,,,,,,,,,,,,,,,,,
417,16-01-2023,Panipuri,Fastfood,20,3,60,Cash,Cash,Mr.,Evening,Monday,,,,,,,,,,,,,,,,,,
418,12-11-2022,Cold coffee,Beverages,40,7,280,Online,Online,Mr.,Night,Saturday,,,,,,,,,,,,,,,,,,
419,08-10-2022,Sugarcane juice,Beverages,25,14,350,,Credit,Mrs.,Midnight,Saturday,,,,,,,,,,,,,,,,,,
420,30-01-2023,Frankie,Fastfood,50,13,650,Online,Online,Mrs.,Evening,Monday,,,,,,,,,,,,,,,,,,
421,24-03-2023,Cold coffee,Beverages,40,2,80,Online,Online,Mr.,Midnight,Friday,,,,,,,,,,,,,,,,,,
422,02-08-2022,Cold coffee,Beverages,40,7,280,Online,Online,Mr.,Evening,Tuesday,,,,,,,,,,,,,,,,,,
423,21-10-2022,Frankie,Fastfood,50,7,350,Cash,Cash,Mrs.,Night,Friday,,,,,,,,,,,,,,,,,,
424,21-04-2022,Sugarcane juice,Beverages,25,9,225,Online,Online,Mrs.,Midnight,Thursday,,,,,,,,,,,,,,,,,,
425,17-08-2022,Panipuri,Fastfood,20,14,280,Online,Online,Mr.,Afternoon,Wednesday,,,,,,,,,,,,,,,,,,
426,20-01-2023,Frankie,Fastfood,50,14,700,Cash,Cash,Mr.,Midnight,Friday,,,,,,,,,,,,,,,,,,
427,21-05-2022,Sandwich,Fastfood,60,2,120,Online,Online,Mr.,Afternoon,Saturday,,,,,,,,,,,,,,,,,,
428,24-12-2022,Sugarcane juice,Beverages,25,8,200,Online,Online,Mr.,Afternoon,Saturday,,,,,,,,,,,,,,,,,,
429,19-09-2022,Cold coffee,Beverages,40,3,120,Online,Online,Mr.,Night,Monday,,,,,,,,,,,,,,,,,,
430,05-11-2022,Sandwich,Fastfood,60,4,240,Online,Online,Mr.,Night,Saturday,,,,,,,,,,,,,,,,,,
431,16-03-2023,Panipuri,Fastfood,20,6,120,Online,Online,Mr.,Evening,Thursday,,,,,,,,,,,,,,,,,,
432,27-03-2023,Panipuri,Fastfood,20,6,120,Online,Online,Mr.,Afternoon,Monday,,,,,,,,,,,,,,,,,,
433,27-05-2022,Panipuri,Fastfood,20,14,280,Online,Online,Mrs.,Evening,Friday,,,,,,,,,,,,,,,,,,
434,21-08-2022,Aalopuri,Fastfood,20,12,240,Cash,Cash,Mr.,Morning,Sunday,,,,,,,,,,,,,,,,,,
435,08-05-2022,Sandwich,Fastfood,60,1,60,Cash,Cash,Mrs.,Afternoon,Sunday,,,,,,,,,,,,,,,,,,
436,05-01-2023,Frankie,Fastfood,50,10,500,Cash,Cash,Mr.,Midnight,Thursday,,,,,,,,,,,,,,,,,,
437,31-08-2022,Cold coffee,Beverages,40,1,40,,Credit,Mr.,Morning,Wednesday,,,,,,,,,,,,,,,,,,
438,20-06-2022,Cold coffee,Beverages,40,5,200,Online,Online,Mr.,Morning,Monday,,,,,,,,,,,,,,,,,,
439,30-09-2022,Frankie,Fastfood,50,13,650,Online,Online,Mr.,Afternoon,Friday,,,,,,,,,,,,,,,,,,
440,28-11-2022,Aalopuri,Fastfood,20,7,140,Cash,Cash,Mr.,Afternoon,Monday,,,,,,,,,,,,,,,,,,
441,02-11-2022,Aalopuri,Fastfood,20,1,20,Online,Online,Mrs.,Midnight,Wednesday,,,,,,,,,,,,,,,,,,
442,22-08-2022,Sugarcane juice,Beverages,25,7,175,Online,Online,Mrs.,Night,Monday,,,,,,,,,,,,,,,,,,
443,05-09-2022,Sugarcane juice,Beverages,25,12,300,Cash,Cash,Mrs.,Night,Monday,,,,,,,,,,,,,,,,,,
444,28-09-2022,Frankie,Fastfood,50,4,200,,Credit,Mr.,Evening,Wednesday,,,,,,,,,,,,,,,,,,
445,22-10-2022,Sandwich,Fastfood,60,14,840,Online,Online,Mrs.,Morning,Saturday,,,,,,,,,,,,,,,,,,
446,31-08-2022,Cold coffee,Beverages,40,9,360,Cash,Cash,Mr.,Night,Wednesday,,,,,,,,,,,,,,,,,,
447,17-01-2023,Frankie,Fastfood,50,6,300,Online,Online,Mrs.,Afternoon,Tuesday,,,,,,,,,,,,,,,,,,
448,27-07-2022,Vadapav,Fastfood,20,6,120,Cash,Cash,Mrs.,Evening,Wednesday,,,,,,,,,,,,,,,,,,
449,09-09-2022,Frankie,Fastfood,50,4,200,Cash,Cash,Mr.,Afternoon,Friday,,,,,,,,,,,,,,,,,,
450,20-05-2022,Sugarcane juice,Beverages,25,1,25,Online,Online,Mr.,Morning,Friday,,,,,,,,,,,,,,,,,,
451,15-03-2023,Sugarcane juice,Beverages,25,10,250,Cash,Cash,Mrs.,Midnight,Wednesday,,,,,,,,,,,,,,,,,,
452,25-12-2022,Frankie,Fastfood,50,5,250,Online,Online,Mr.,Afternoon,Sunday,,,,,,,,,,,,,,,,,,
453,20-10-2022,Sandwich,Fastfood,60,1,60,Online,Online,Mrs.,Midnight,Thursday,,,,,,,,,,,,,,,,,,
454,07-03-2023,Sandwich,Fastfood,60,1,60,Online,Online,Mrs.,Evening,Tuesday,,,,,,,,,,,,,,,,,,
455,01-03-2023,Cold coffee,Beverages,40,11,440,Cash,Cash,Mr.,Midnight,Wednesday,,,,,,,,,,,,,,,,,,
456,31-12-2022,Cold coffee,Beverages,40,13,520,,Credit,Mrs.,Night,Saturday,,,,,,,,,,,,,,,,,,
457,16-10-2022,Cold coffee,Beverages,40,11,440,Cash,Cash,Mr.,Evening,Sunday,,,,,,,,,,,,,,,,,,
458,12-09-2022,Sugarcane juice,Beverages,25,8,200,Cash,Cash,Mrs.,Midnight,Monday,,,,,,,,,,,,,,,,,,
459,08-06-2022,Vadapav,Fastfood,20,14,280,Cash,Cash,Mr.,Night,Wednesday,,,,,,,,,,,,,,,,,,
460,20-11-2022,Aalopuri,Fastfood,20,2,40,Cash,Cash,Mr.,Morning,Sunday,,,,,,,,,,,,,,,,,,
461,22-07-2022,Sugarcane juice,Beverages,25,5,125,Cash,Cash,Mr.,Midnight,Friday,,,,,,,,,,,,,,,,,,
462,24-04-2022,Vadapav,Fastfood,20,3,60,Cash,Cash,Mr.,Morning,Sunday,,,,,,,,,,,,,,,,,,
463,11-06-2022,Sandwich,Fastfood,60,6,360,Online,Online,Mr.,Midnight,Saturday,,,,,,,,,,,,,,,,,,
464,18-10-2022,Sugarcane juice,Beverages,25,13,325,Cash,Cash,Mr.,Morning,Tuesday,,,,,,,,,,,,,,,,,,
465,15-01-2023,Sugarcane juice,Beverages,25,12,300,Online,Online,Mr.,Evening,Sunday,,,,,,,,,,,,,,,,,,
466,11-01-2023,Panipuri,Fastfood,20,6,120,Cash,Cash,Mr.,Evening,Wednesday,,,,,,,,,,,,,,,,,,
467,17-10-2022,Aalopuri,Fastfood,20,11,220,Online,Online,Mr.,Morning,Monday,,,,,,,,,,,,,,,,,,
468,08-09-2022,Panipuri,Fastfood,20,2,40,Cash,Cash,Mr.,Evening,Thursday,,,,,,,,,,,,,,,,,,
469,15-05-2022,Sandwich,Fastfood,60,7,420,Online,Online,Mrs.,Morning,Sunday,,,,,,,,,,,,,,,,,,
470,29-09-2022,Vadapav,Fastfood,20,8,160,Cash,Cash,Mrs.,Morning,Thursday,,,,,,,,,,,,,,,,,,
471,13-02-2023,Panipuri,Fastfood,20,7,140,Cash,Cash,Mrs.,Afternoon,Monday,,,,,,,,,,,,,,,,,,
472,11-01-2023,Panipuri,Fastfood,20,10,200,,Credit,Mr.,Midnight,Wednesday,,,,,,,,,,,,,,,,,,
473,04-09-2022,Sandwich,Fastfood,60,5,300,Cash,Cash,Mrs.,Evening,Sunday,,,,,,,,,,,,,,,,,,
474,28-08-2022,Sugarcane juice,Beverages,25,15,375,Cash,Cash,Mrs.,Night,Sunday,,,,,,,,,,,,,,,,,,
475,24-02-2023,Cold coffee,Beverages,40,6,240,Cash,Cash,Mrs.,Night,Friday,,,,,,,,,,,,,,,,,,
476,02-02-2023,Aalopuri,Fastfood,20,10,200,Cash,Cash,Mr.,Morning,Thursday,,,,,,,,,,,,,,,,,,
477,13-02-2023,Sandwich,Fastfood,60,15,900,Cash,Cash,Mrs.,Midnight,Monday,,,,,,,,,,,,,,,,,,
478,27-12-2022,Sugarcane juice,Beverages,25,9,225,Cash,Cash,Mrs.,Afternoon,Tuesday,,,,,,,,,,,,,,,,,,
479,13-02-2023,Sandwich,Fastfood,60,11,660,Cash,Cash,Mrs.,Afternoon,Monday,,,,,,,,,,,,,,,,,,
480,02-10-2022,Vadapav,Fastfood,20,12,240,Cash,Cash,Mr.,Evening,Sunday,,,,,,,,,,,,,,,,,,
481,29-10-2022,Sugarcane juice,Beverages,25,4,100,Cash,Cash,Mr.,Evening,Saturday,,,,,,,,,,,,,,,,,,
482,31-01-2023,Aalopuri,Fastfood,20,1,20,Online,Online,Mr.,Afternoon,Tuesday,,,,,,,,,,,,,,,,,,
483,27-04-2022,Panipuri,Fastfood,20,9,180,Cash,Cash,Mrs.,Morning,Wednesday,,,,,,,,,,,,,,,,,,
484,21-03-2023,Cold coffee,Beverages,40,5,200,Cash,Cash,Mrs.,Afternoon,Tuesday,,,,,,,,,,,,,,,,,,
485,26-02-2023,Aalopuri,Fastfood,20,6,120,Cash,Cash,Mrs.,Midnight,Sunday,,,,,,,,,,,,,,,,,,
486,14-02-2023,Vadapav,Fastfood,20,6,120,Cash,Cash,Mrs.,Midnight,Tuesday,,,,,,,,,,,,,,,,,,
487,27-05-2022,Sandwich,Fastfood,60,9,540,Cash,Cash,Mrs.,Midnight,Friday,,,,,,,,,,,,,,,,,,
488,21-09-2022,Cold coffee,Beverages,40,10,400,Cash,Cash,Mr.,Midnight,Wednesday,,,,,,,,,,,,,,,,,,
489,03-02-2023,Frankie,Fastfood,50,13,650,Online,Online,Mrs.,Evening,Friday,,,,,,,,,,,,,,,,,,
490,26-12-2022,Cold coffee,Beverages,40,8,320,Cash,Cash,Mr.,Morning,Monday,,,,,,,,,,,,,,,,,,
491,31-05-2022,Vadapav,Fastfood,20,2,40,Online,Online,Mrs.,Midnight,Tuesday,,,,,,,,,,,,,,,,,,
492,11-07-2022,Sandwich,Fastfood,60,15,900,Cash,Cash,Mr.,Afternoon,Monday,,,,,,,,,,,,,,,,,,
493,02-10-2022,Cold coffee,Beverages,40,2,80,Online,Online,Mr.,Morning,Sunday,,,,,,,,,,,,,,,,,,
494,14-01-2023,Cold coffee,Beverages,40,10,400,Cash,Cash,Mrs.,Night,Saturday,,,,,,,,,,,,,,,,,,
495,20-10-2022,Aalopuri,Fastfood,20,13,260,Online,Online,Mrs.,Midnight,Thursday,,,,,,,,,,,,,,,,,,
496,07-11-2022,Cold coffee,Beverages,40,10,400,Online,Online,Mrs.,Night,Monday,,,,,,,,,,,,,,,,,,
497,25-01-2023,Sandwich,Fastfood,60,7,420,Cash,Cash,Mr.,Midnight,Wednesday,,,,,,,,,,,,,,,,,,
498,16-06-2022,Frankie,Fastfood,50,1,50,Cash,Cash,Mr.,Midnight,Thursday,,,,,,,,,,,,,,,,,,
499,27-07-2022,Sandwich,Fastfood,60,8,480,Online,Online,Mrs.,Evening,Wednesday,,,,,,,,,,,,,,,,,,
500,08-04-2022,Vadapav,Fastfood,20,4,80,Online,Online,Mrs.,Midnight,Friday,,,,,,,,,,,,,,,,,,
501,09-08-2022,Sugarcane juice,Beverages,25,14,350,Online,Online,Mrs.,Afternoon,Tuesday,,,,,,,,,,,,,,,,,,
502,04-01-2023,Panipuri,Fastfood,20,13,260,Online,Online,Mr.,Night,Wednesday,,,,,,,,,,,,,,,,,,
503,04-11-2022,Aalopuri,Fastfood,20,13,260,Cash,Cash,Mrs.,Morning,Friday,,,,,,,,,,,,,,,,,,
504,09-12-2022,Cold coffee,Beverages,40,8,320,Cash,Cash,Mr.,Evening,Friday,,,,,,,,,,,,,,,,,,
505,12-02-2023,Frankie,Fastfood,50,4,200,Cash,Cash,Mr.,Night,Sunday,,,,,,,,,,,,,,,,,,
506,26-12-2022,Cold coffee,Beverages,40,12,480,Cash,Cash,Mrs.,Midnight,Monday,,,,,,,,,,,,,,,,,,
507,14-12-2022,Aalopuri,Fastfood,20,14,280,Online,Online,Mrs.,Morning,Wednesday,,,,,,,,,,,,,,,,,,
508,10-12-2022,Sandwich,Fastfood,60,1,60,Cash,Cash,Mr.,Night,Saturday,,,,,,,,,,,,,,,,,,
509,26-10-2022,Vadapav,Fastfood,20,11,220,Online,Online,Mr.,Evening,Wednesday,,,,,,,,,,,,,,,,,,
510,04-04-2022,Sandwich,Fastfood,60,14,840,Online,Online,Mr.,Afternoon,Monday,,,,,,,,,,,,,,,,,,
511,02-08-2022,Panipuri,Fastfood,20,4,80,Cash,Cash,Mrs.,Night,Tuesday,,,,,,,,,,,,,,,,,,
512,11-01-2023,Panipuri,Fastfood,20,3,60,Cash,Cash,Mrs.,Afternoon,Wednesday,,,,,,,,,,,,,,,,,,
513,16-07-2022,Cold coffee,Beverages,40,5,200,Cash,Cash,Mrs.,Night,Saturday,,,,,,,,,,,,,,,,,,
514,24-08-2022,Cold coffee,Beverages,40,8,320,Online,Online,Mrs.,Evening,Wednesday,,,,,,,,,,,,,,,,,,
515,02-11-2022,Sandwich,Fastfood,60,7,420,,Credit,Mrs.,Night,Wednesday,,,,,,,,,,,,,,,,,,
516,22-09-2022,Sugarcane juice,Beverages,25,12,300,Online,Online,Mrs.,Midnight,Thursday,,,,,,,,,,,,,,,,,,
517,02-07-2022,Panipuri,Fastfood,20,13,260,Online,Online,Mr.,Evening,Saturday,,,,,,,,,,,,,,,,,,
518,09-12-2022,Aalopuri,Fastfood,20,6,120,Cash,Cash,Mrs.,Morning,Friday,,,,,,,,,,,,,,,,,,
519,25-11-2022,Cold coffee,Beverages,40,10,400,Cash,Cash,Mr.,Morning,Friday,,,,,,,,,,,,,,,,,,
520,03-04-2022,Panipuri,Fastfood,20,11,220,Online,Online,Mrs.,Night,Sunday,,,,,,,,,,,,,,,,,,
521,27-01-2023,Panipuri,Fastfood,20,14,280,Online,Online,Mr.,Morning,Friday,,,,,,,,,,,,,,,,,,
522,29-12-2022,Panipuri,Fastfood,20,13,260,Cash,Cash,Mrs.,Midnight,Thursday,,,,,,,,,,,,,,,,,,
523,03-11-2022,Frankie,Fastfood,50,6,300,Cash,Cash,Mr.,Afternoon,Thursday,,,,,,,,,,,,,,,,,,
524,01-05-2022,Aalopuri,Fastfood,20,13,260,Online,Online,Mr.,Afternoon,Sunday,,,,,,,,,,,,,,,,,,
525,04-05-2022,Vadapav,Fastfood,20,3,60,Cash,Cash,Mr.,Midnight,Wednesday,,,,,,,,,,,,,,,,,,
526,04-07-2022,Sandwich,Fastfood,60,10,600,Cash,Cash,Mrs.,Evening,Monday,,,,,,,,,,,,,,,,,,
527,06-01-2023,Sugarcane juice,Beverages,25,6,150,Cash,Cash,Mrs.,Afternoon,Friday,,,,,,,,,,,,,,,,,,
528,01-07-2022,Sugarcane juice,Beverages,25,7,175,Cash,Cash,Mrs.,Midnight,Friday,,,,,,,,,,,,,,,,,,
529,15-05-2022,Aalopuri,Fastfood,20,12,240,,Credit,Mrs.,Afternoon,Sunday,,,,,,,,,,,,,,,,,,
530,27-07-2022,Panipuri,Fastfood,20,6,120,Cash,Cash,Mrs.,Night,Wednesday,,,,,,,,,,,,,,,,,,
531,04-10-2022,Cold coffee,Beverages,40,10,400,Cash,Cash,Mr.,Night,Tuesday,,,,,,,,,,,,,,,,,,
532,27-03-2023,Panipuri,Fastfood,20,13,260,Online,Online,Mrs.,Midnight,Monday,,,,,,,,,,,,,,,,,,
533,05-02-2023,Frankie,Fastfood,50,2,100,,Credit,Mrs.,Night,Sunday,,,,,,,,,,,,,,,,,,
534,16-05-2022,Vadapav,Fastfood,20,2,40,Online,Online,Mrs.,Night,Monday,,,,,,,,,,,,,,,,,,
535,05-09-2022,Sandwich,Fastfood,60,4,240,Online,Online,Mr.,Midnight,Monday,,,,,,,,,,,,,,,,,,
536,01-03-2023,Sugarcane juice,Beverages,25,7,175,Cash,Cash,Mrs.,Evening,Wednesday,,,,,,,,,,,,,,,,,,
537,25-01-2023,Panipuri,Fastfood,20,3,60,Cash,Cash,Mr.,Evening,Wednesday,,,,,,,,,,,,,,,,,,
538,05-06-2022,Panipuri,Fastfood,20,7,140,Online,Online,Mr.,Morning,Sunday,,,,,,,,,,,,,,,,,,
539,07-09-2022,Panipuri,Fastfood,20,3,60,Online,Online,Mr.,Evening,Wednesday,,,,,,,,,,,,,,,,,,
540,27-05-2022,Vadapav,Fastfood,20,13,260,Cash,Cash,Mr.,Afternoon,Friday,,,,,,,,,,,,,,,,,,
541,30-07-2022,Panipuri,Fastfood,20,12,240,Cash,Cash,Mr.,Night,Saturday,,,,,,,,,,,,,,,,,,
542,04-08-2022,Sugarcane juice,Beverages,25,9,225,Cash,Cash,Mr.,Evening,Thursday,,,,,,,,,,,,,,,,,,
543,10-04-2022,Aalopuri,Fastfood,20,15,300,Cash,Cash,Mrs.,Evening,Sunday,,,,,,,,,,,,,,,,,,
544,14-12-2022,Sandwich,Fastfood,60,15,900,Online,Online,Mrs.,Morning,Wednesday,,,,,,,,,,,,,,,,,,
545,01-01-2023,Sandwich,Fastfood,60,13,780,Online,Online,Mrs.,Midnight,Sunday,,,,,,,,,,,,,,,,,,
546,09-07-2022,Aalopuri,Fastfood,20,1,20,Cash,Cash,Mrs.,Midnight,Saturday,,,,,,,,,,,,,,,,,,
547,14-05-2022,Cold coffee,Beverages,40,10,400,Online,Online,Mr.,Morning,Saturday,,,,,,,,,,,,,,,,,,
548,29-03-2023,Cold coffee,Beverages,40,14,560,Cash,Cash,Mr.,Afternoon,Wednesday,,,,,,,,,,,,,,,,,,
549,15-04-2022,Sugarcane juice,Beverages,25,3,75,Online,Online,Mr.,Afternoon,Friday,,,,,,,,,,,,,,,,,,
550,15-11-2022,Cold coffee,Beverages,40,15,600,Online,Online,Mr.,Afternoon,Tuesday,,,,,,,,,,,,,,,,,,
551,30-07-2022,Sugarcane juice,Beverages,25,7,175,Cash,Cash,Mr.,Evening,Saturday,,,,,,,,,,,,,,,,,,
552,12-09-2022,Sugarcane juice,Beverages,25,15,375,Cash,Cash,Mrs.,Midnight,Monday,,,,,,,,,,,,,,,,,,
553,11-11-2022,Panipuri,Fastfood,20,14,280,Cash,Cash,Mr.,Evening,Friday,,,,,,,,,,,,,,,,,,
554,09-03-2023,Panipuri,Fastfood,20,4,80,Cash,Cash,Mrs.,Afternoon,Thursday,,,,,,,,,,,,,,,,,,
555,16-04-2022,Sandwich,Fastfood,60,6,360,Cash,Cash,Mrs.,Evening,Saturday,,,,,,,,,,,,,,,,,,
556,27-02-2023,Vadapav,Fastfood,20,9,180,Cash,Cash,Mrs.,Night,Monday,,,,,,,,,,,,,,,,,,
557,30-06-2022,Sandwich,Fastfood,60,2,120,Cash,Cash,Mrs.,Evening,Thursday,,,,,,,,,,,,,,,,,,
558,01-10-2022,Panipuri,Fastfood,20,5,100,Online,Online,Mr.,Morning,Saturday,,,,,,,,,,,,,,,,,,
559,31-08-2022,Cold coffee,Beverages,40,5,200,Online,Online,Mrs.,Night,Wednesday,,,,,,,,,,,,,,,,,,
560,10-12-2022,Sugarcane juice,Beverages,25,1,25,Cash,Cash,Mr.,Evening,Saturday,,,,,,,,,,,,,,,,,,
561,13-06-2022,Panipuri,Fastfood,20,1,20,Cash,Cash,Mrs.,Midnight,Monday,,,,,,,,,,,,,,,,,,
562,09-08-2022,Frankie,Fastfood,50,4,200,Cash,Cash,Mr.,Afternoon,Tuesday,,,,,,,,,,,,,,,,,,
563,13-10-2022,Frankie,Fastfood,50,7,350,Online,Online,Mrs.,Evening,Thursday,,,,,,,,,,,,,,,,,,
564,27-09-2022,Cold coffee,Beverages,40,2,80,,Credit,Mr.,Morning,Tuesday,,,,,,,,,,,,,,,,,,
565,27-09-2022,Panipuri,Fastfood,20,15,300,Cash,Cash,Mr.,Evening,Tuesday,,,,,,,,,,,,,,,,,,
566,19-07-2022,Frankie,Fastfood,50,3,150,Cash,Cash,Mr.,Evening,Tuesday,,,,,,,,,,,,,,,,,,
567,16-10-2022,Cold coffee,Beverages,40,7,280,Online,Online,Mrs.,Afternoon,Sunday,,,,,,,,,,,,,,,,,,
568,29-12-2022,Panipuri,Fastfood,20,12,240,,Credit,Mrs.,Afternoon,Thursday,,,,,,,,,,,,,,,,,,
569,02-01-2023,Cold coffee,Beverages,40,15,600,Online,Online,Mrs.,Midnight,Monday,,,,,,,,,,,,,,,,,,
570,15-09-2022,Sugarcane juice,Beverages,25,4,100,Cash,Cash,Mr.,Morning,Thursday,,,,,,,,,,,,,,,,,,
571,28-11-2022,Sugarcane juice,Beverages,25,1,25,Cash,Cash,Mrs.,Evening,Monday,,,,,,,,,,,,,,,,,,
572,02-04-2022,Sandwich,Fastfood,60,15,900,Cash,Cash,Mr.,Afternoon,Saturday,,,,,,,,,,,,,,,,,,
573,07-09-2022,Frankie,Fastfood,50,2,100,Cash,Cash,Mr.,Afternoon,Wednesday,,,,,,,,,,,,,,,,,,
574,22-10-2022,Aalopuri,Fastfood,20,1,20,Cash,Cash,Mrs.,Night,Saturday,,,,,,,,,,,,,,,,,,
575,24-12-2022,Vadapav,Fastfood,20,1,20,Online,Online,Mrs.,Midnight,Saturday,,,,,,,,,,,,,,,,,,
576,23-03-2023,Panipuri,Fastfood,20,12,240,Cash,Cash,Mrs.,Afternoon,Thursday,,,,,,,,,,,,,,,,,,
577,06-09-2022,Cold coffee,Beverages,40,7,280,Cash,Cash,Mr.,Evening,Tuesday,,,,,,,,,,,,,,,,,,
578,30-06-2022,Frankie,Fastfood,50,5,250,Online,Online,Mrs.,Night,Thursday,,,,,,,,,,,,,,,,,,
579,27-04-2022,Panipuri,Fastfood,20,2,40,Cash,Cash,Mr.,Evening,Wednesday,,,,,,,,,,,,,,,,,,
580,01-07-2022,Panipuri,Fastfood,20,10,200,Online,Online,Mr.,Night,Friday,,,,,,,,,,,,,,,,,,
581,23-04-2022,Sugarcane juice,Beverages,25,13,325,Cash,Cash,Mr.,Afternoon,Saturday,,,,,,,,,,,,,,,,,,
582,12-05-2022,Aalopuri,Fastfood,20,13,260,Cash,Cash,Mr.,Morning,Thursday,,,,,,,,,,,,,,,,,,
583,31-05-2022,Frankie,Fastfood,50,8,400,Cash,Cash,Mr.,Night,Tuesday,,,,,,,,,,,,,,,,,,
584,04-12-2022,Cold coffee,Beverages,40,15,600,Cash,Cash,Mr.,Morning,Sunday,,,,,,,,,,,,,,,,,,
585,05-03-2023,Vadapav,Fastfood,20,11,220,Cash,Cash,Mrs.,Morning,Sunday,,,,,,,,,,,,,,,,,,
586,22-05-2022,Sandwich,Fastfood,60,15,900,Online,Online,Mr.,Night,Sunday,,,,,,,,,,,,,,,,,,
587,09-04-2022,Aalopuri,Fastfood,20,10,200,Cash,Cash,Mrs.,Night,Saturday,,,,,,,,,,,,,,,,,,
588,16-06-2022,Frankie,Fastfood,50,11,550,Cash,Cash,Mrs.,Morning,Thursday,,,,,,,,,,,,,,,,,,
589,25-08-2022,Cold coffee,Beverages,40,5,200,Cash,Cash,Mr.,Night,Thursday,,,,,,,,,,,,,,,,,,
590,27-03-2023,Panipuri,Fastfood,20,15,300,Online,Online,Mr.,Midnight,Monday,,,,,,,,,,,,,,,,,,
591,01-10-2022,Sandwich,Fastfood,60,13,780,Cash,Cash,Mrs.,Morning,Saturday,,,,,,,,,,,,,,,,,,
592,04-12-2022,Sugarcane juice,Beverages,25,7,175,Cash,Cash,Mr.,Morning,Sunday,,,,,,,,,,,,,,,,,,
593,16-02-2023,Sugarcane juice,Beverages,25,9,225,Cash,Cash,Mrs.,Evening,Thursday,,,,,,,,,,,,,,,,,,
594,20-01-2023,Frankie,Fastfood,50,6,300,Cash,Cash,Mrs.,Morning,Friday,,,,,,,,,,,,,,,,,,
595,22-02-2023,Frankie,Fastfood,50,9,450,Online,Online,Mr.,Afternoon,Wednesday,,,,,,,,,,,,,,,,,,
596,26-04-2022,Cold coffee,Beverages,40,1,40,Online,Online,Mrs.,Night,Tuesday,,,,,,,,,,,,,,,,,,
597,30-11-2022,Panipuri,Fastfood,20,10,200,Online,Online,Mr.,Midnight,Wednesday,,,,,,,,,,,,,,,,,,
598,02-08-2022,Cold coffee,Beverages,40,8,320,Cash,Cash,Mrs.,Afternoon,Tuesday,,,,,,,,,,,,,,,,,,
599,03-10-2022,Frankie,Fastfood,50,13,650,Cash,Cash,Mr.,Morning,Monday,,,,,,,,,,,,,,,,,,
600,24-12-2022,Panipuri,Fastfood,20,6,120,Cash,Cash,Mrs.,Morning,Saturday,,,,,,,,,,,,,,,,,,
601,01-11-2022,Aalopuri,Fastfood,20,12,240,Online,Online,Mr.,Morning,Tuesday,,,,,,,,,,,,,,,,,,
602,27-08-2022,Aalopuri,Fastfood,20,10,200,Cash,Cash,Mr.,Night,Saturday,,,,,,,,,,,,,,,,,,
603,31-08-2022,Vadapav,Fastfood,20,10,200,Cash,Cash,Mrs.,Afternoon,Wednesday,,,,,,,,,,,,,,,,,,
604,08-09-2022,Frankie,Fastfood,50,10,500,Cash,Cash,Mrs.,Night,Thursday,,,,,,,,,,,,,,,,,,
605,04-04-2022,Cold coffee,Beverages,40,15,600,,Credit,Mrs.,Afternoon,Monday,,,,,,,,,,,,,,,,,,
606,09-04-2022,Cold coffee,Beverages,40,6,240,Cash,Cash,Mrs.,Night,Saturday,,,,,,,,,,,,,,,,,,
607,15-12-2022,Vadapav,Fastfood,20,9,180,Cash,Cash,Mrs.,Afternoon,Thursday,,,,,,,,,,,,,,,,,,
608,28-02-2023,Aalopuri,Fastfood,20,1,20,Online,Online,Mr.,Midnight,Tuesday,,,,,,,,,,,,,,,,,,
609,07-02-2023,Aalopuri,Fastfood,20,14,280,,Credit,Mr.,Midnight,Tuesday,,,,,,,,,,,,,,,,,,
610,08-05-2022,Frankie,Fastfood,50,13,650,Online,Online,Mrs.,Evening,Sunday,,,,,,,,,,,,,,,,,,
611,25-06-2022,Aalopuri,Fastfood,20,2,40,Online,Online,Mrs.,Morning,Saturday,,,,,,,,,,,,,,,,,,
612,06-02-2023,Aalopuri,Fastfood,20,3,60,Online,Online,Mr.,Midnight,Monday,,,,,,,,,,,,,,,,,,
613,10-06-2022,Vadapav,Fastfood,20,5,100,Online,Online,Mrs.,Night,Friday,,,,,,,,,,,,,,,,,,
614,19-12-2022,Vadapav,Fastfood,20,2,40,,Credit,Mr.,Morning,Monday,,,,,,,,,,,,,,,,,,
615,14-08-2022,Sandwich,Fastfood,60,14,840,,Credit,Mr.,Morning,Sunday,,,,,,,,,,,,,,,,,,
616,15-07-2022,Vadapav,Fastfood,20,6,120,Online,Online,Mrs.,Midnight,Friday,,,,,,,,,,,,,,,,,,
617,28-06-2022,Sugarcane juice,Beverages,25,2,50,Cash,Cash,Mr.,Night,Tuesday,,,,,,,,,,,,,,,,,,
618,08-04-2022,Frankie,Fastfood,50,1,50,Online,Online,Mr.,Evening,Friday,,,,,,,,,,,,,,,,,,
619,09-09-2022,Sugarcane juice,Beverages,25,4,100,Cash,Cash,Mrs.,Morning,Friday,,,,,,,,,,,,,,,,,,
620,14-09-2022,Panipuri,Fastfood,20,12,240,Online,Online,Mrs.,Evening,Wednesday,,,,,,,,,,,,,,,,,,
621,13-02-2023,Aalopuri,Fastfood,20,2,40,Online,Online,Mrs.,Evening,Monday,,,,,,,,,,,,,,,,,,
622,14-12-2022,Panipuri,Fastfood,20,13,260,Online,Online,Mr.,Afternoon,Wednesday,,,,,,,,,,,,,,,,,,
623,02-04-2022,Cold coffee,Beverages,40,15,600,Cash,Cash,Mr.,Midnight,Saturday,,,,,,,,,,,,,,,,,,
624,08-03-2023,Sandwich,Fastfood,60,9,540,Cash,Cash,Mrs.,Morning,Wednesday,,,,,,,,,,,,,,,,,,
625,17-06-2022,Sandwich,Fastfood,60,15,900,Online,Online,Mr.,Morning,Friday,,,,,,,,,,,,,,,,,,
626,01-02-2023,Cold coffee,Beverages,40,15,600,Cash,Cash,Mr.,Night,Wednesday,,,,,,,,,,,,,,,,,,
627,22-06-2022,Sugarcane juice,Beverages,25,15,375,Online,Online,Mr.,Afternoon,Wednesday,,,,,,,,,,,,,,,,,,
628,02-05-2022,Cold coffee,Beverages,40,10,400,,Credit,Mrs.,Night,Monday,,,,,,,,,,,,,,,,,,
629,20-01-2023,Sugarcane juice,Beverages,25,9,225,Cash,Cash,Mrs.,Evening,Friday,,,,,,,,,,,,,,,,,,
630,27-05-2022,Frankie,Fastfood,50,7,350,,Credit,Mrs.,Morning,Friday,,,,,,,,,,,,,,,,,,
631,01-07-2022,Cold coffee,Beverages,40,13,520,Cash,Cash,Mrs.,Evening,Friday,,,,,,,,,,,,,,,,,,
632,28-10-2022,Panipuri,Fastfood,20,9,180,Online,Online,Mrs.,Night,Friday,,,,,,,,,,,,,,,,,,
633,24-05-2022,Cold coffee,Beverages,40,3,120,Online,Online,Mr.,Evening,Tuesday,,,,,,,,,,,,,,,,,,
634,26-07-2022,Panipuri,Fastfood,20,13,260,Cash,Cash,Mr.,Afternoon,Tuesday,,,,,,,,,,,,,,,,,,
635,06-02-2023,Vadapav,Fastfood,20,15,300,Online,Online,Mrs.,Night,Monday,,,,,,,,,,,,,,,,,,
636,26-04-2022,Cold coffee,Beverages,40,12,480,,Credit,Mr.,Morning,Tuesday,,,,,,,,,,,,,,,,,,
637,14-05-2022,Aalopuri,Fastfood,20,7,140,Cash,Cash,Mr.,Midnight,Saturday,,,,,,,,,,,,,,,,,,
638,20-08-2022,Cold coffee,Beverages,40,11,440,Online,Online,Mrs.,Afternoon,Saturday,,,,,,,,,,,,,,,,,,
639,26-01-2023,Vadapav,Fastfood,20,14,280,Cash,Cash,Mrs.,Morning,Thursday,,,,,,,,,,,,,,,,,,
640,04-01-2023,Sandwich,Fastfood,60,15,900,Online,Online,Mr.,Night,Wednesday,,,,,,,,,,,,,,,,,,
641,09-02-2023,Vadapav,Fastfood,20,15,300,Cash,Cash,Mr.,Afternoon,Thursday,,,,,,,,,,,,,,,,,,
642,09-05-2022,Cold coffee,Beverages,40,10,400,Online,Online,Mrs.,Morning,Monday,,,,,,,,,,,,,,,,,,
643,20-10-2022,Sugarcane juice,Beverages,25,2,50,Cash,Cash,Mr.,Afternoon,Thursday,,,,,,,,,,,,,,,,,,
644,03-02-2023,Panipuri,Fastfood,20,5,100,Online,Online,Mrs.,Evening,Friday,,,,,,,,,,,,,,,,,,
645,26-07-2022,Sandwich,Fastfood,60,9,540,Cash,Cash,Mrs.,Night,Tuesday,,,,,,,,,,,,,,,,,,
646,30-08-2022,Vadapav,Fastfood,20,14,280,Online,Online,Mrs.,Afternoon,Tuesday,,,,,,,,,,,,,,,,,,
647,05-06-2022,Vadapav,Fastfood,20,3,60,Cash,Cash,Mr.,Afternoon,Sunday,,,,,,,,,,,,,,,,,,
648,27-05-2022,Sandwich,Fastfood,60,7,420,Cash,Cash,Mr.,Night,Friday,,,,,,,,,,,,,,,,,,
649,05-11-2022,Frankie,Fastfood,50,9,450,Cash,Cash,Mr.,Midnight,Saturday,,,,,,,,,,,,,,,,,,
650,07-04-2022,Sandwich,Fastfood,60,13,780,Online,Online,Mrs.,Morning,Thursday,,,,,,,,,,,,,,,,,,
651,11-07-2022,Sandwich,Fastfood,60,10,600,Online,Online,Mrs.,Midnight,Monday,,,,,,,,,,,,,,,,,,
652,21-05-2022,Cold coffee,Beverages,40,13,520,Online,Online,Mrs.,Afternoon,Saturday,,,,,,,,,,,,,,,,,,
653,30-05-2022,Frankie,Fastfood,50,10,500,Online,Online,Mrs.,Midnight,Monday,,,,,,,,,,,,,,,,,,
654,04-03-2023,Vadapav,Fastfood,20,9,180,Cash,Cash,Mrs.,Morning,Saturday,,,,,,,,,,,,,,,,,,
655,30-06-2022,Sugarcane juice,Beverages,25,12,300,Online,Online,Mr.,Morning,Thursday,,,,,,,,,,,,,,,,,,
656,28-11-2022,Sandwich,Fastfood,60,6,360,Online,Online,Mrs.,Midnight,Monday,,,,,,,,,,,,,,,,,,
657,10-01-2023,Cold coffee,Beverages,40,7,280,,Credit,Mr.,Midnight,Tuesday,,,,,,,,,,,,,,,,,,
658,10-10-2022,Aalopuri,Fastfood,20,12,240,,Credit,Mrs.,Afternoon,Monday,,,,,,,,,,,,,,,,,,
659,21-01-2023,Panipuri,Fastfood,20,2,40,Online,Online,Mr.,Afternoon,Saturday,,,,,,,,,,,,,,,,,,
660,25-07-2022,Sandwich,Fastfood,60,9,540,Cash,Cash,Mrs.,Night,Monday,,,,,,,,,,,,,,,,,,
661,11-10-2022,Frankie,Fastfood,50,7,350,Online,Online,Mrs.,Midnight,Tuesday,,,,,,,,,,,,,,,,,,
662,15-02-2023,Panipuri,Fastfood,20,3,60,Online,Online,Mrs.,Afternoon,Wednesday,,,,,,,,,,,,,,,,,,
663,05-02-2023,Sugarcane juice,Beverages,25,1,25,Online,Online,Mr.,Night,Sunday,,,,,,,,,,,,,,,,,,
664,31-10-2022,Frankie,Fastfood,50,10,500,Online,Online,Mrs.,Morning,Monday,,,,,,,,,,,,,,,,,,
665,06-05-2022,Aalopuri,Fastfood,20,14,280,Online,Online,Mrs.,Evening,Friday,,,,,,,,,,,,,,,,,,
666,25-01-2023,Panipuri,Fastfood,20,9,180,Cash,Cash,Mr.,Evening,Wednesday,,,,,,,,,,,,,,,,,,
667,28-09-2022,Vadapav,Fastfood,20,3,60,Cash,Cash,Mrs.,Evening,Wednesday,,,,,,,,,,,,,,,,,,
668,11-05-2022,Aalopuri,Fastfood,20,4,80,Online,Online,Mr.,Morning,Wednesday,,,,,,,,,,,,,,,,,,
669,18-03-2023,Sandwich,Fastfood,60,11,660,Online,Online,Mr.,Evening,Saturday,,,,,,,,,,,,,,,,,,
670,05-07-2022,Panipuri,Fastfood,20,15,300,Cash,Cash,Mr.,Night,Tuesday,,,,,,,,,,,,,,,,,,
671,09-10-2022,Sandwich,Fastfood,60,2,120,Online,Online,Mr.,Afternoon,Sunday,,,,,,,,,,,,,,,,,,
672,24-11-2022,Cold coffee,Beverages,40,3,120,,Credit,Mrs.,Evening,Thursday,,,,,,,,,,,,,,,,,,
673,17-09-2022,Sandwich,Fastfood,60,12,720,Cash,Cash,Mr.,Midnight,Saturday,,,,,,,,,,,,,,,,,,
674,17-07-2022,Sugarcane juice,Beverages,25,13,325,,Credit,Mr.,Morning,Sunday,,,,,,,,,,,,,,,,,,
675,17-04-2022,Sandwich,Fastfood,60,12,720,Cash,Cash,Mr.,Night,Sunday,,,,,,,,,,,,,,,,,,
676,04-05-2022,Frankie,Fastfood,50,7,350,Cash,Cash,Mrs.,Evening,Wednesday,,,,,,,,,,,,,,,,,,
677,19-05-2022,Cold coffee,Beverages,40,3,120,Online,Online,Mrs.,Morning,Thursday,,,,,,,,,,,,,,,,,,
678,23-05-2022,Aalopuri,Fastfood,20,3,60,Online,Online,Mr.,Evening,Monday,,,,,,,,,,,,,,,,,,
679,02-11-2022,Sandwich,Fastfood,60,12,720,Online,Online,Mr.,Morning,Wednesday,,,,,,,,,,,,,,,,,,
680,20-04-2022,Cold coffee,Beverages,40,4,160,Cash,Cash,Mr.,Night,Wednesday,,,,,,,,,,,,,,,,,,
681,09-12-2022,Frankie,Fastfood,50,9,450,Online,Online,Mrs.,Night,Friday,,,,,,,,,,,,,,,,,,
682,11-10-2022,Aalopuri,Fastfood,20,14,280,Online,Online,Mr.,Midnight,Tuesday,,,,,,,,,,,,,,,,,,
683,12-08-2022,Frankie,Fastfood,50,15,750,Cash,Cash,Mr.,Midnight,Friday,,,,,,,,,,,,,,,,,,
684,18-09-2022,Vadapav,Fastfood,20,5,100,Cash,Cash,Mr.,Afternoon,Sunday,,,,,,,,,,,,,,,,,,
685,20-05-2022,Aalopuri,Fastfood,20,3,60,Cash,Cash,Mrs.,Afternoon,Friday,,,,,,,,,,,,,,,,,,
686,25-11-2022,Cold coffee,Beverages,40,5,200,Cash,Cash,Mr.,Afternoon,Friday,,,,,,,,,,,,,,,,,,
687,18-12-2022,Vadapav,Fastfood,20,10,200,Cash,Cash,Mrs.,Midnight,Sunday,,,,,,,,,,,,,,,,,,
688,14-05-2022,Frankie,Fastfood,50,5,250,Online,Online,Mr.,Afternoon,Saturday,,,,,,,,,,,,,,,,,,
689,13-08-2022,Vadapav,Fastfood,20,6,120,Cash,Cash,Mrs.,Afternoon,Saturday,,,,,,,,,,,,,,,,,,
690,05-10-2022,Vadapav,Fastfood,20,9,180,Cash,Cash,Mrs.,Night,Wednesday,,,,,,,,,,,,,,,,,,
691,01-04-2022,Sandwich,Fastfood,60,7,420,Cash,Cash,Mrs.,Evening,Friday,,,,,,,,,,,,,,,,,,
692,13-01-2023,Frankie,Fastfood,50,14,700,Online,Online,Mr.,Afternoon,Friday,,,,,,,,,,,,,,,,,,
693,29-11-2022,Sugarcane juice,Beverages,25,13,325,Online,Online,Mrs.,Midnight,Tuesday,,,,,,,,,,,,,,,,,,
694,22-04-2022,Panipuri,Fastfood,20,14,280,Cash,Cash,Mr.,Midnight,Friday,,,,,,,,,,,,,,,,,,
695,24-08-2022,Panipuri,Fastfood,20,10,200,Online,Online,Mrs.,Midnight,Wednesday,,,,,,,,,,,,,,,,,,
696,23-02-2023,Sugarcane juice,Beverages,25,3,75,Online,Online,Mrs.,Evening,Thursday,,,,,,,,,,,,,,,,,,
697,05-05-2022,Sugarcane juice,Beverages,25,5,125,Cash,Cash,Mr.,Midnight,Thursday,,,,,,,,,,,,,,,,,,
698,26-11-2022,Panipuri,Fastfood,20,10,200,Online,Online,Mr.,Night,Saturday,,,,,,,,,,,,,,,,,,
699,09-09-2022,Cold coffee,Beverages,40,1,40,Online,Online,Mr.,Evening,Friday,,,,,,,,,,,,,,,,,,
700,15-11-2022,Frankie,Fastfood,50,6,300,Cash,Cash,Mrs.,Evening,Tuesday,,,,,,,,,,,,,,,,,,
701,19-07-2022,Sugarcane juice,Beverages,25,14,350,Online,Online,Mrs.,Evening,Tuesday,,,,,,,,,,,,,,,,,,
702,25-03-2023,Cold coffee,Beverages,40,13,520,Cash,Cash,Mrs.,Afternoon,Saturday,,,,,,,,,,,,,,,,,,
703,01-11-2022,Panipuri,Fastfood,20,10,200,Online,Online,Mrs.,Afternoon,Tuesday,,,,,,,,,,,,,,,,,,
704,14-08-2022,Sandwich,Fastfood,60,1,60,Online,Online,Mrs.,Evening,Sunday,,,,,,,,,,,,,,,,,,
705,07-10-2022,Sandwich,Fastfood,60,6,360,Online,Online,Mr.,Evening,Friday,,,,,,,,,,,,,,,,,,
706,05-02-2023,Frankie,Fastfood,50,8,400,Online,Online,Mr.,Night,Sunday,,,,,,,,,,,,,,,,,,
707,16-12-2022,Panipuri,Fastfood,20,2,40,Online,Online,Mr.,Night,Friday,,,,,,,,,,,,,,,,,,
708,15-03-2023,Sandwich,Fastfood,60,5,300,Cash,Cash,Mrs.,Midnight,Wednesday,,,,,,,,,,,,,,,,,,
709,22-02-2023,Cold coffee,Beverages,40,6,240,Cash,Cash,Mr.,Morning,Wednesday,,,,,,,,,,,,,,,,,,
710,15-03-2023,Sandwich,Fastfood,60,15,900,,Credit,Mr.,Night,Wednesday,,,,,,,,,,,,,,,,,,
711,30-10-2022,Aalopuri,Fastfood,20,3,60,Cash,Cash,Mr.,Afternoon,Sunday,,,,,,,,,,,,,,,,,,
712,17-12-2022,Vadapav,Fastfood,20,3,60,Online,Online,Mrs.,Midnight,Saturday,,,,,,,,,,,,,,,,,,
713,02-12-2022,Sugarcane juice,Beverages,25,14,350,Online,Online,Mrs.,Morning,Friday,,,,,,,,,,,,,,,,,,
714,14-12-2022,Sugarcane juice,Beverages,25,14,350,Cash,Cash,Mr.,Afternoon,Wednesday,,,,,,,,,,,,,,,,,,
715,12-04-2022,Sandwich,Fastfood,60,1,60,Online,Online,Mr.,Morning,Tuesday,,,,,,,,,,,,,,,,,,
716,03-12-2022,Panipuri,Fastfood,20,9,180,Cash,Cash,Mrs.,Midnight,Saturday,,,,,,,,,,,,,,,,,,
717,11-10-2022,Sugarcane juice,Beverages,25,15,375,,Credit,Mrs.,Evening,Tuesday,,,,,,,,,,,,,,,,,,
718,28-12-2022,Aalopuri,Fastfood,20,2,40,Online,Online,Mr.,Afternoon,Wednesday,,,,,,,,,,,,,,,,,,
719,09-05-2022,Vadapav,Fastfood,20,15,300,Cash,Cash,Mrs.,Midnight,Monday,,,,,,,,,,,,,,,,,,
720,10-05-2022,Frankie,Fastfood,50,14,700,Cash,Cash,Mrs.,Morning,Tuesday,,,,,,,,,,,,,,,,,,
721,13-08-2022,Panipuri,Fastfood,20,12,240,,Credit,Mr.,Afternoon,Saturday,,,,,,,,,,,,,,,,,,
722,14-09-2022,Vadapav,Fastfood,20,15,300,,Credit,Mr.,Midnight,Wednesday,,,,,,,,,,,,,,,,,,
723,16-02-2023,Cold coffee,Beverages,40,10,400,Online,Online,Mr.,Evening,Thursday,,,,,,,,,,,,,,,,,,
724,27-06-2022,Frankie,Fastfood,50,10,500,Cash,Cash,Mrs.,Night,Monday,,,,,,,,,,,,,,,,,,
725,04-07-2022,Vadapav,Fastfood,20,6,120,Online,Online,Mrs.,Afternoon,Monday,,,,,,,,,,,,,,,,,,
726,11-09-2022,Panipuri,Fastfood,20,1,20,Online,Online,Mr.,Morning,Sunday,,,,,,,,,,,,,,,,,,
727,25-08-2022,Aalopuri,Fastfood,20,5,100,Cash,Cash,Mrs.,Midnight,Thursday,,,,,,,,,,,,,,,,,,
728,03-08-2022,Vadapav,Fastfood,20,1,20,Online,Online,Mr.,Midnight,Wednesday,,,,,,,,,,,,,,,,,,
729,24-11-2022,Sandwich,Fastfood,60,7,420,Cash,Cash,Mr.,Night,Thursday,,,,,,,,,,,,,,,,,,
730,28-06-2022,Frankie,Fastfood,50,13,650,Cash,Cash,Mrs.,Afternoon,Tuesday,,,,,,,,,,,,,,,,,,
731,09-03-2023,Frankie,Fastfood,50,10,500,Cash,Cash,Mrs.,Afternoon,Thursday,,,,,,,,,,,,,,,,,,
732,13-06-2022,Panipuri,Fastfood,20,7,140,,Credit,Mrs.,Midnight,Monday,,,,,,,,,,,,,,,,,,
733,03-02-2023,Frankie,Fastfood,50,10,500,Cash,Cash,Mr.,Evening,Friday,,,,,,,,,,,,,,,,,,
734,07-10-2022,Frankie,Fastfood,50,7,350,Cash,Cash,Mr.,Evening,Friday,,,,,,,,,,,,,,,,,,
735,10-08-2022,Panipuri,Fastfood,20,11,220,Cash,Cash,Mr.,Morning,Wednesday,,,,,,,,,,,,,,,,,,
736,25-09-2022,Panipuri,Fastfood,20,13,260,,Credit,Mr.,Afternoon,Sunday,,,,,,,,,,,,,,,,,,
737,20-09-2022,Frankie,Fastfood,50,13,650,Online,Online,Mrs.,Night,Tuesday,,,,,,,,,,,,,,,,,,
738,01-03-2023,Sandwich,Fastfood,60,4,240,Online,Online,Mrs.,Morning,Wednesday,,,,,,,,,,,,,,,,,,
739,06-06-2022,Aalopuri,Fastfood,20,11,220,Online,Online,Mr.,Night,Monday,,,,,,,,,,,,,,,,,,
740,30-07-2022,Aalopuri,Fastfood,20,9,180,Cash,Cash,Mr.,Midnight,Saturday,,,,,,,,,,,,,,,,,,
741,16-07-2022,Aalopuri,Fastfood,20,5,100,Online,Online,Mr.,Afternoon,Saturday,,,,,,,,,,,,,,,,,,
742,18-11-2022,Panipuri,Fastfood,20,14,280,Online,Online,Mr.,Night,Friday,,,,,,,,,,,,,,,,,,
743,09-11-2022,Panipuri,Fastfood,20,1,20,Cash,Cash,Mr.,Morning,Wednesday,,,,,,,,,,,,,,,,,,
744,25-06-2022,Frankie,Fastfood,50,10,500,Cash,Cash,Mrs.,Morning,Saturday,,,,,,,,,,,,,,,,,,
745,11-09-2022,Aalopuri,Fastfood,20,2,40,Online,Online,Mr.,Evening,Sunday,,,,,,,,,,,,,,,,,,
746,05-08-2022,Sugarcane juice,Beverages,25,5,125,Online,Online,Mrs.,Midnight,Friday,,,,,,,,,,,,,,,,,,
747,14-01-2023,Cold coffee,Beverages,40,3,120,Cash,Cash,Mrs.,Midnight,Saturday,,,,,,,,,,,,,,,,,,
748,20-09-2022,Sandwich,Fastfood,60,14,840,Cash,Cash,Mrs.,Night,Tuesday,,,,,,,,,,,,,,,,,,
749,31-08-2022,Vadapav,Fastfood,20,11,220,Cash,Cash,Mr.,Morning,Wednesday,,,,,,,,,,,,,,,,,,
750,01-02-2023,Frankie,Fastfood,50,1,50,Online,Online,Mr.,Evening,Wednesday,,,,,,,,,,,,,,,,,,
751,16-09-2022,Vadapav,Fastfood,20,2,40,Cash,Cash,Mr.,Afternoon,Friday,,,,,,,,,,,,,,,,,,
752,04-06-2022,Panipuri,Fastfood,20,2,40,Online,Online,Mrs.,Morning,Saturday,,,,,,,,,,,,,,,,,,
753,26-06-2022,Sugarcane juice,Beverages,25,1,25,Cash,Cash,Mr.,Midnight,Sunday,,,,,,,,,,,,,,,,,,
754,29-12-2022,Sugarcane juice,Beverages,25,14,350,Cash,Cash,Mrs.,Evening,Thursday,,,,,,,,,,,,,,,,,,
755,02-01-2023,Aalopuri,Fastfood,20,12,240,Cash,Cash,Mrs.,Night,Monday,,,,,,,,,,,,,,,,,,
756,21-10-2022,Sugarcane juice,Beverages,25,10,250,Online,Online,Mrs.,Morning,Friday,,,,,,,,,,,,,,,,,,
757,25-12-2022,Sugarcane juice,Beverages,25,11,275,Online,Online,Mr.,Morning,Sunday,,,,,,,,,,,,,,,,,,
758,25-09-2022,Vadapav,Fastfood,20,3,60,Cash,Cash,Mrs.,Evening,Sunday,,,,,,,,,,,,,,,,,,
759,25-12-2022,Sugarcane juice,Beverages,25,13,325,Online,Online,Mr.,Midnight,Sunday,,,,,,,,,,,,,,,,,,
760,14-11-2022,Sugarcane juice,Beverages,25,1,25,Online,Online,Mrs.,Evening,Monday,,,,,,,,,,,,,,,,,,
761,12-11-2022,Sandwich,Fastfood,60,3,180,,Credit,Mrs.,Midnight,Saturday,,,,,,,,,,,,,,,,,,
762,09-04-2022,Vadapav,Fastfood,20,12,240,Online,Online,Mrs.,Midnight,Saturday,,,,,,,,,,,,,,,,,,
763,04-07-2022,Vadapav,Fastfood,20,14,280,,Credit,Mrs.,Night,Monday,,,,,,,,,,,,,,,,,,
764,14-02-2023,Sandwich,Fastfood,60,7,420,Cash,Cash,Mrs.,Night,Tuesday,,,,,,,,,,,,,,,,,,
765,15-06-2022,Sandwich,Fastfood,60,13,780,Cash,Cash,Mr.,Night,Wednesday,,,,,,,,,,,,,,,,,,
766,19-06-2022,Sandwich,Fastfood,60,10,600,Online,Online,Mrs.,Morning,Sunday,,,,,,,,,,,,,,,,,,
767,26-02-2023,Frankie,Fastfood,50,8,400,Cash,Cash,Mrs.,Afternoon,Sunday,,,,,,,,,,,,,,,,,,
768,12-01-2023,Sandwich,Fastfood,60,14,840,Cash,Cash,Mr.,Afternoon,Thursday,,,,,,,,,,,,,,,,,,
769,07-06-2022,Frankie,Fastfood,50,8,400,Cash,Cash,Mr.,Morning,Tuesday,,,,,,,,,,,,,,,,,,
770,22-02-2023,Aalopuri,Fastfood,20,8,160,Cash,Cash,Mrs.,Morning,Wednesday,,,,,,,,,,,,,,,,,,
771,15-08-2022,Panipuri,Fastfood,20,5,100,Online,Online,Mrs.,Midnight,Monday,,,,,,,,,,,,,,,,,,
772,20-03-2023,Cold coffee,Beverages,40,9,360,Cash,Cash,Mr.,Evening,Monday,,,,,,,,,,,,,,,,,,
773,14-08-2022,Cold coffee,Beverages,40,7,280,Online,Online,Mr.,Afternoon,Sunday,,,,,,,,,,,,,,,,,,
774,15-03-2023,Vadapav,Fastfood,20,1,20,Online,Online,Mrs.,Night,Wednesday,,,,,,,,,,,,,,,,,,
775,27-03-2023,Sandwich,Fastfood,60,6,360,Cash,Cash,Mr.,Night,Monday,,,,,,,,,,,,,,,,,,
776,07-02-2023,Frankie,Fastfood,50,10,500,Cash,Cash,Mr.,Midnight,Tuesday,,,,,,,,,,,,,,,,,,
777,23-10-2022,Panipuri,Fastfood,20,13,260,Cash,Cash,Mr.,Morning,Sunday,,,,,,,,,,,,,,,,,,
778,11-06-2022,Frankie,Fastfood,50,13,650,Cash,Cash,Mr.,Evening,Saturday,,,,,,,,,,,,,,,,,,
779,16-01-2023,Sandwich,Fastfood,60,13,780,,Credit,Mr.,Night,Monday,,,,,,,,,,,,,,,,,,
780,27-11-2022,Sugarcane juice,Beverages,25,13,325,Online,Online,Mrs.,Afternoon,Sunday,,,,,,,,,,,,,,,,,,
781,27-05-2022,Aalopuri,Fastfood,20,10,200,Online,Online,Mr.,Midnight,Friday,,,,,,,,,,,,,,,,,,
782,16-12-2022,Aalopuri,Fastfood,20,5,100,Online,Online,Mr.,Night,Friday,,,,,,,,,,,,,,,,,,
783,29-04-2022,Aalopuri,Fastfood,20,8,160,Cash,Cash,Mr.,Morning,Friday,,,,,,,,,,,,,,,,,,
784,09-07-2022,Vadapav,Fastfood,20,8,160,Cash,Cash,Mrs.,Morning,Saturday,,,,,,,,,,,,,,,,,,
785,07-12-2022,Aalopuri,Fastfood,20,2,40,Online,Online,Mr.,Afternoon,Wednesday,,,,,,,,,,,,,,,,,,
786,13-03-2023,Sandwich,Fastfood,60,14,840,Online,Online,Mrs.,Night,Monday,,,,,,,,,,,,,,,,,,
787,25-03-2023,Aalopuri,Fastfood,20,2,40,Cash,Cash,Mrs.,Afternoon,Saturday,,,,,,,,,,,,,,,,,,
788,13-08-2022,Sugarcane juice,Beverages,25,7,175,Online,Online,Mr.,Afternoon,Saturday,,,,,,,,,,,,,,,,,,
789,03-08-2022,Sugarcane juice,Beverages,25,7,175,Cash,Cash,Mr.,Morning,Wednesday,,,,,,,,,,,,,,,,,,
790,20-07-2022,Panipuri,Fastfood,20,3,60,Cash,Cash,Mrs.,Evening,Wednesday,,,,,,,,,,,,,,,,,,
791,07-04-2022,Vadapav,Fastfood,20,3,60,,Credit,Mr.,Midnight,Thursday,,,,,,,,,,,,,,,,,,
792,25-02-2023,Vadapav,Fastfood,20,2,40,Cash,Cash,Mrs.,Morning,Saturday,,,,,,,,,,,,,,,,,,
793,30-08-2022,Sandwich,Fastfood,60,6,360,Cash,Cash,Mrs.,Night,Tuesday,,,,,,,,,,,,,,,,,,
794,02-10-2022,Sugarcane juice,Beverages,25,5,125,Online,Online,Mr.,Afternoon,Sunday,,,,,,,,,,,,,,,,,,
795,10-01-2023,Vadapav,Fastfood,20,9,180,Cash,Cash,Mr.,Evening,Tuesday,,,,,,,,,,,,,,,,,,
796,25-06-2022,Sugarcane juice,Beverages,25,14,350,Online,Online,Mr.,Night,Saturday,,,,,,,,,,,,,,,,,,
797,26-11-2022,Cold coffee,Beverages,40,11,440,Cash,Cash,Mr.,Night,Saturday,,,,,,,,,,,,,,,,,,
798,22-05-2022,Frankie,Fastfood,50,12,600,,Credit,Mr.,Night,Sunday,,,,,,,,,,,,,,,,,,
799,11-01-2023,Panipuri,Fastfood,20,1,20,Online,Online,Mrs.,Night,Wednesday,,,,,,,,,,,,,,,,,,
800,06-11-2022,Cold coffee,Beverages,40,14,560,Cash,Cash,Mr.,Night,Sunday,,,,,,,,,,,,,,,,,,
801,28-04-2022,Aalopuri,Fastfood,20,7,140,Cash,Cash,Mrs.,Evening,Thursday,,,,,,,,,,,,,,,,,,
802,23-01-2023,Sandwich,Fastfood,60,7,420,Online,Online,Mrs.,Afternoon,Monday,,,,,,,,,,,,,,,,,,
803,27-08-2022,Vadapav,Fastfood,20,5,100,,Credit,Mr.,Night,Saturday,,,,,,,,,,,,,,,,,,
804,11-10-2022,Cold coffee,Beverages,40,12,480,Online,Online,Mrs.,Night,Tuesday,,,,,,,,,,,,,,,,,,
805,08-05-2022,Sugarcane juice,Beverages,25,1,25,Online,Online,Mr.,Afternoon,Sunday,,,,,,,,,,,,,,,,,,
806,23-05-2022,Vadapav,Fastfood,20,3,60,Online,Online,Mr.,Evening,Monday,,,,,,,,,,,,,,,,,,
807,13-06-2022,Frankie,Fastfood,50,1,50,Online,Online,Mrs.,Midnight,Monday,,,,,,,,,,,,,,,,,,
808,21-09-2022,Panipuri,Fastfood,20,1,20,Online,Online,Mr.,Morning,Wednesday,,,,,,,,,,,,,,,,,,
809,12-12-2022,Panipuri,Fastfood,20,10,200,Online,Online,Mr.,Evening,Monday,,,,,,,,,,,,,,,,,,
810,27-12-2022,Vadapav,Fastfood,20,3,60,Online,Online,Mr.,Morning,Tuesday,,,,,,,,,,,,,,,,,,
811,02-03-2023,Aalopuri,Fastfood,20,13,260,Cash,Cash,Mr.,Afternoon,Thursday,,,,,,,,,,,,,,,,,,
812,08-08-2022,Panipuri,Fastfood,20,5,100,Cash,Cash,Mr.,Afternoon,Monday,,,,,,,,,,,,,,,,,,
813,13-10-2022,Panipuri,Fastfood,20,10,200,Online,Online,Mr.,Afternoon,Thursday,,,,,,,,,,,,,,,,,,
814,05-10-2022,Vadapav,Fastfood,20,13,260,Cash,Cash,Mrs.,Midnight,Wednesday,,,,,,,,,,,,,,,,,,
815,20-04-2022,Cold coffee,Beverages,40,12,480,Online,Online,Mrs.,Afternoon,Wednesday,,,,,,,,,,,,,,,,,,
816,11-01-2023,Sugarcane juice,Beverages,25,11,275,Cash,Cash,Mr.,Morning,Wednesday,,,,,,,,,,,,,,,,,,
817,21-05-2022,Aalopuri,Fastfood,20,12,240,Cash,Cash,Mrs.,Evening,Saturday,,,,,,,,,,,,,,,,,,
818,28-02-2023,Frankie,Fastfood,50,6,300,Cash,Cash,Mr.,Night,Tuesday,,,,,,,,,,,,,,,,,,
819,12-10-2022,Vadapav,Fastfood,20,10,200,Cash,Cash,Mr.,Evening,Wednesday,,,,,,,,,,,,,,,,,,
820,24-02-2023,Aalopuri,Fastfood,20,3,60,,Credit,Mr.,Midnight,Friday,,,,,,,,,,,,,,,,,,
821,24-07-2022,Aalopuri,Fastfood,20,12,240,Cash,Cash,Mrs.,Midnight,Sunday,,,,,,,,,,,,,,,,,,
822,17-06-2022,Panipuri,Fastfood,20,12,240,Online,Online,Mr.,Morning,Friday,,,,,,,,,,,,,,,,,,
823,13-02-2023,Panipuri,Fastfood,20,11,220,Online,Online,Mr.,Midnight,Monday,,,,,,,,,,,,,,,,,,
824,18-01-2023,Vadapav,Fastfood,20,2,40,Online,Online,Mrs.,Evening,Wednesday,,,,,,,,,,,,,,,,,,
825,30-10-2022,Panipuri,Fastfood,20,14,280,Cash,Cash,Mrs.,Morning,Sunday,,,,,,,,,,,,,,,,,,
826,02-12-2022,Sandwich,Fastfood,60,15,900,Cash,Cash,Mrs.,Night,Friday,,,,,,,,,,,,,,,,,,
827,06-01-2023,Sandwich,Fastfood,60,12,720,Cash,Cash,Mr.,Midnight,Friday,,,,,,,,,,,,,,,,,,
828,18-08-2022,Panipuri,Fastfood,20,6,120,Cash,Cash,Mr.,Evening,Thursday,,,,,,,,,,,,,,,,,,
829,19-09-2022,Cold coffee,Beverages,40,6,240,Cash,Cash,Mr.,Night,Monday,,,,,,,,,,,,,,,,,,
830,28-11-2022,Cold coffee,Beverages,40,9,360,,Credit,Mr.,Night,Monday,,,,,,,,,,,,,,,,,,
831,01-08-2022,Frankie,Fastfood,50,5,250,Online,Online,Mrs.,Morning,Monday,,,,,,,,,,,,,,,,,,
832,06-06-2022,Sugarcane juice,Beverages,25,4,100,Cash,Cash,Mr.,Morning,Monday,,,,,,,,,,,,,,,,,,
833,01-09-2022,Panipuri,Fastfood,20,2,40,Online,Online,Mrs.,Evening,Thursday,,,,,,,,,,,,,,,,,,
834,25-05-2022,Sugarcane juice,Beverages,25,14,350,Cash,Cash,Mr.,Evening,Wednesday,,,,,,,,,,,,,,,,,,
835,27-09-2022,Sugarcane juice,Beverages,25,7,175,Online,Online,Mr.,Afternoon,Tuesday,,,,,,,,,,,,,,,,,,
836,31-08-2022,Vadapav,Fastfood,20,2,40,Cash,Cash,Mrs.,Midnight,Wednesday,,,,,,,,,,,,,,,,,,
837,19-05-2022,Aalopuri,Fastfood,20,7,140,Cash,Cash,Mr.,Midnight,Thursday,,,,,,,,,,,,,,,,,,
838,31-07-2022,Cold coffee,Beverages,40,9,360,Online,Online,Mrs.,Morning,Sunday,,,,,,,,,,,,,,,,,,
839,08-05-2022,Sugarcane juice,Beverages,25,4,100,Cash,Cash,Mrs.,Afternoon,Sunday,,,,,,,,,,,,,,,,,,
840,18-02-2023,Cold coffee,Beverages,40,15,600,,Credit,Mrs.,Midnight,Saturday,,,,,,,,,,,,,,,,,,
841,03-02-2023,Vadapav,Fastfood,20,9,180,Cash,Cash,Mr.,Night,Friday,,,,,,,,,,,,,,,,,,
842,25-05-2022,Panipuri,Fastfood,20,2,40,Cash,Cash,Mrs.,Evening,Wednesday,,,,,,,,,,,,,,,,,,
843,04-07-2022,Sugarcane juice,Beverages,25,1,25,Cash,Cash,Mrs.,Morning,Monday,,,,,,,,,,,,,,,,,,
844,04-05-2022,Sugarcane juice,Beverages,25,13,325,Cash,Cash,Mr.,Morning,Wednesday,,,,,,,,,,,,,,,,,,
845,01-07-2022,Cold coffee,Beverages,40,6,240,Online,Online,Mrs.,Evening,Friday,,,,,,,,,,,,,,,,,,
846,20-04-2022,Aalopuri,Fastfood,20,5,100,Online,Online,Mr.,Afternoon,Wednesday,,,,,,,,,,,,,,,,,,
847,14-08-2022,Panipuri,Fastfood,20,11,220,Online,Online,Mr.,Midnight,Sunday,,,,,,,,,,,,,,,,,,
848,10-11-2022,Frankie,Fastfood,50,9,450,Cash,Cash,Mr.,Night,Thursday,,,,,,,,,,,,,,,,,,
849,03-11-2022,Cold coffee,Beverages,40,10,400,Cash,Cash,Mrs.,Night,Thursday,,,,,,,,,,,,,,,,,,
850,20-08-2022,Vadapav,Fastfood,20,3,60,Online,Online,Mrs.,Afternoon,Saturday,,,,,,,,,,,,,,,,,,
851,28-01-2023,Aalopuri,Fastfood,20,15,300,Online,Online,Mrs.,Night,Saturday,,,,,,,,,,,,,,,,,,
852,05-05-2022,Sugarcane juice,Beverages,25,8,200,Online,Online,Mr.,Night,Thursday,,,,,,,,,,,,,,,,,,
853,17-02-2023,Cold coffee,Beverages,40,3,120,Online,Online,Mrs.,Midnight,Friday,,,,,,,,,,,,,,,,,,
854,14-10-2022,Cold coffee,Beverages,40,14,560,Online,Online,Mrs.,Night,Friday,,,,,,,,,,,,,,,,,,
855,23-10-2022,Vadapav,Fastfood,20,5,100,Online,Online,Mr.,Evening,Sunday,,,,,,,,,,,,,,,,,,
856,04-05-2022,Aalopuri,Fastfood,20,11,220,Cash,Cash,Mrs.,Night,Wednesday,,,,,,,,,,,,,,,,,,
857,08-11-2022,Sugarcane juice,Beverages,25,14,350,Online,Online,Mrs.,Evening,Tuesday,,,,,,,,,,,,,,,,,,
858,22-11-2022,Cold coffee,Beverages,40,9,360,Cash,Cash,Mr.,Evening,Tuesday,,,,,,,,,,,,,,,,,,
859,08-10-2022,Sandwich,Fastfood,60,11,660,Cash,Cash,Mrs.,Midnight,Saturday,,,,,,,,,,,,,,,,,,
860,16-07-2022,Cold coffee,Beverages,40,5,200,Cash,Cash,Mr.,Night,Saturday,,,,,,,,,,,,,,,,,,
861,24-01-2023,Sugarcane juice,Beverages,25,8,200,Cash,Cash,Mrs.,Night,Tuesday,,,,,,,,,,,,,,,,,,
862,10-03-2023,Frankie,Fastfood,50,7,350,Online,Online,Mr.,Night,Friday,,,,,,,,,,,,,,,,,,
863,08-09-2022,Frankie,Fastfood,50,9,450,Online,Online,Mr.,Night,Thursday,,,,,,,,,,,,,,,,,,
864,20-08-2022,Cold coffee,Beverages,40,9,360,Online,Online,Mr.,Morning,Saturday,,,,,,,,,,,,,,,,,,
865,23-01-2023,Sugarcane juice,Beverages,25,6,150,Cash,Cash,Mrs.,Night,Monday,,,,,,,,,,,,,,,,,,
866,13-08-2022,Frankie,Fastfood,50,10,500,Online,Online,Mr.,Midnight,Saturday,,,,,,,,,,,,,,,,,,
867,26-01-2023,Frankie,Fastfood,50,15,750,Cash,Cash,Mr.,Midnight,Thursday,,,,,,,,,,,,,,,,,,
868,17-08-2022,Aalopuri,Fastfood,20,13,260,Cash,Cash,Mrs.,Evening,Wednesday,,,,,,,,,,,,,,,,,,
869,26-06-2022,Panipuri,Fastfood,20,9,180,Online,Online,Mr.,Midnight,Sunday,,,,,,,,,,,,,,,,,,
870,31-10-2022,Cold coffee,Beverages,40,5,200,Online,Online,Mrs.,Afternoon,Monday,,,,,,,,,,,,,,,,,,
871,07-12-2022,Vadapav,Fastfood,20,14,280,,Credit,Mrs.,Evening,Wednesday,,,,,,,,,,,,,,,,,,
872,14-07-2022,Sandwich,Fastfood,60,12,720,Cash,Cash,Mr.,Afternoon,Thursday,,,,,,,,,,,,,,,,,,
873,09-05-2022,Sugarcane juice,Beverages,25,1,25,Online,Online,Mr.,Night,Monday,,,,,,,,,,,,,,,,,,
874,09-05-2022,Cold coffee,Beverages,40,4,160,Cash,Cash,Mr.,Midnight,Monday,,,,,,,,,,,,,,,,,,
875,05-08-2022,Vadapav,Fastfood,20,15,300,Cash,Cash,Mr.,Evening,Friday,,,,,,,,,,,,,,,,,,
876,10-06-2022,Cold coffee,Beverages,40,8,320,Online,Online,Mrs.,Evening,Friday,,,,,,,,,,,,,,,,,,
877,27-10-2022,Sugarcane juice,Beverages,25,14,350,Cash,Cash,Mrs.,Afternoon,Thursday,,,,,,,,,,,,,,,,,,
878,12-08-2022,Sandwich,Fastfood,60,6,360,Online,Online,Mr.,Evening,Friday,,,,,,,,,,,,,,,,,,
879,06-11-2022,Cold coffee,Beverages,40,9,360,Cash,Cash,Mrs.,Evening,Sunday,,,,,,,,,,,,,,,,,,
880,25-06-2022,Sugarcane juice,Beverages,25,5,125,Cash,Cash,Mrs.,Morning,Saturday,,,,,,,,,,,,,,,,,,
881,25-05-2022,Sandwich,Fastfood,60,2,120,Cash,Cash,Mr.,Midnight,Wednesday,,,,,,,,,,,,,,,,,,
882,23-04-2022,Panipuri,Fastfood,20,9,180,Online,Online,Mr.,Morning,Saturday,,,,,,,,,,,,,,,,,,
883,24-08-2022,Aalopuri,Fastfood,20,5,100,Online,Online,Mrs.,Midnight,Wednesday,,,,,,,,,,,,,,,,,,
884,01-03-2023,Vadapav,Fastfood,20,12,240,Online,Online,Mr.,Night,Wednesday,,,,,,,,,,,,,,,,,,
885,16-10-2022,Sugarcane juice,Beverages,25,4,100,Cash,Cash,Mr.,Evening,Sunday,,,,,,,,,,,,,,,,,,
886,21-07-2022,Sugarcane juice,Beverages,25,4,100,Cash,Cash,Mrs.,Night,Thursday,,,,,,,,,,,,,,,,,,
887,24-10-2022,Aalopuri,Fastfood,20,3,60,Cash,Cash,Mr.,Morning,Monday,,,,,,,,,,,,,,,,,,
888,05-09-2022,Vadapav,Fastfood,20,8,160,Cash,Cash,Mr.,Evening,Monday,,,,,,,,,,,,,,,,,,
889,12-04-2022,Vadapav,Fastfood,20,10,200,Online,Online,Mr.,Midnight,Tuesday,,,,,,,,,,,,,,,,,,
890,03-03-2023,Sugarcane juice,Beverages,25,5,125,Cash,Cash,Mrs.,Morning,Friday,,,,,,,,,,,,,,,,,,
891,27-12-2022,Cold coffee,Beverages,40,11,440,Cash,Cash,Mr.,Midnight,Tuesday,,,,,,,,,,,,,,,,,,
892,14-07-2022,Sugarcane juice,Beverages,25,7,175,Online,Online,Mrs.,Evening,Thursday,,,,,,,,,,,,,,,,,,
893,13-07-2022,Sugarcane juice,Beverages,25,12,300,Cash,Cash,Mrs.,Afternoon,Wednesday,,,,,,,,,,,,,,,,,,
894,19-03-2023,Sandwich,Fastfood,60,15,900,Cash,Cash,Mr.,Morning,Sunday,,,,,,,,,,,,,,,,,,
895,03-01-2023,Sugarcane juice,Beverages,25,11,275,Cash,Cash,Mr.,Afternoon,Tuesday,,,,,,,,,,,,,,,,,,
896,30-10-2022,Aalopuri,Fastfood,20,13,260,Cash,Cash,Mr.,Night,Sunday,,,,,,,,,,,,,,,,,,
897,22-08-2022,Aalopuri,Fastfood,20,6,120,Online,Online,Mr.,Morning,Monday,,,,,,,,,,,,,,,,,,
898,02-03-2023,Frankie,Fastfood,50,8,400,Cash,Cash,Mr.,Afternoon,Thursday,,,,,,,,,,,,,,,,,,
899,24-01-2023,Aalopuri,Fastfood,20,7,140,Cash,Cash,Mr.,Midnight,Tuesday,,,,,,,,,,,,,,,,,,
900,07-12-2022,Sugarcane juice,Beverages,25,9,225,Online,Online,Mr.,Afternoon,Wednesday,,,,,,,,,,,,,,,,,,
901,24-12-2022,Vadapav,Fastfood,20,7,140,Online,Online,Mrs.,Morning,Saturday,,,,,,,,,,,,,,,,,,
902,23-11-2022,Frankie,Fastfood,50,4,200,Online,Online,Mr.,Afternoon,Wednesday,,,,,,,,,,,,,,,,,,
903,01-01-2023,Aalopuri,Fastfood,20,15,300,Online,Online,Mr.,Night,Sunday,,,,,,,,,,,,,,,,,,
904,12-03-2023,Aalopuri,Fastfood,20,4,80,Cash,Cash,Mrs.,Midnight,Sunday,,,,,,,,,,,,,,,,,,
905,13-12-2022,Frankie,Fastfood,50,15,750,Cash,Cash,Mrs.,Midnight,Tuesday,,,,,,,,,,,,,,,,,,
906,04-04-2022,Sandwich,Fastfood,60,15,900,Cash,Cash,Mr.,Afternoon,Monday,,,,,,,,,,,,,,,,,,
907,19-10-2022,Cold coffee,Beverages,40,4,160,,Credit,Mrs.,Midnight,Wednesday,,,,,,,,,,,,,,,,,,
908,06-03-2023,Sandwich,Fastfood,60,7,420,Cash,Cash,Mrs.,Night,Monday,,,,,,,,,,,,,,,,,,
909,21-02-2023,Cold coffee,Beverages,40,12,480,Online,Online,Mrs.,Morning,Tuesday,,,,,,,,,,,,,,,,,,
910,09-10-2022,Panipuri,Fastfood,20,1,20,Cash,Cash,Mrs.,Afternoon,Sunday,,,,,,,,,,,,,,,,,,
911,09-04-2022,Sandwich,Fastfood,60,1,60,Cash,Cash,Mr.,Evening,Saturday,,,,,,,,,,,,,,,,,,
912,17-09-2022,Aalopuri,Fastfood,20,6,120,Cash,Cash,Mr.,Evening,Saturday,,,,,,,,,,,,,,,,,,
913,15-02-2023,Frankie,Fastfood,50,15,750,Online,Online,Mr.,Evening,Wednesday,,,,,,,,,,,,,,,,,,
914,01-03-2023,Sandwich,Fastfood,60,14,840,Cash,Cash,Mr.,Night,Wednesday,,,,,,,,,,,,,,,,,,
915,07-10-2022,Cold coffee,Beverages,40,7,280,Online,Online,Mr.,Afternoon,Friday,,,,,,,,,,,,,,,,,,
916,17-11-2022,Cold coffee,Beverages,40,15,600,,Credit,Mrs.,Afternoon,Thursday,,,,,,,,,,,,,,,,,,
917,15-05-2022,Vadapav,Fastfood,20,15,300,Online,Online,Mr.,Evening,Sunday,,,,,,,,,,,,,,,,,,
918,12-11-2022,Panipuri,Fastfood,20,6,120,Cash,Cash,Mr.,Evening,Saturday,,,,,,,,,,,,,,,,,,
919,03-01-2023,Vadapav,Fastfood,20,8,160,Online,Online,Mrs.,Evening,Tuesday,,,,,,,,,,,,,,,,,,
920,12-07-2022,Frankie,Fastfood,50,13,650,Online,Online,Mr.,Evening,Tuesday,,,,,,,,,,,,,,,,,,
921,21-09-2022,Vadapav,Fastfood,20,14,280,Cash,Cash,Mr.,Midnight,Wednesday,,,,,,,,,,,,,,,,,,
922,13-06-2022,Frankie,Fastfood,50,5,250,Online,Online,Mrs.,Evening,Monday,,,,,,,,,,,,,,,,,,
923,30-05-2022,Cold coffee,Beverages,40,3,120,Online,Online,Mr.,Morning,Monday,,,,,,,,,,,,,,,,,,
924,17-12-2022,Panipuri,Fastfood,20,14,280,Cash,Cash,Mr.,Afternoon,Saturday,,,,,,,,,,,,,,,,,,
925,10-04-2022,Frankie,Fastfood,50,4,200,Online,Online,Mrs.,Afternoon,Sunday,,,,,,,,,,,,,,,,,,
926,27-02-2023,Frankie,Fastfood,50,15,750,Cash,Cash,Mrs.,Afternoon,Monday,,,,,,,,,,,,,,,,,,
927,02-12-2022,Cold coffee,Beverages,40,6,240,,Credit,Mrs.,Evening,Friday,,,,,,,,,,,,,,,,,,
928,07-04-2022,Sandwich,Fastfood,60,11,660,Online,Online,Mr.,Evening,Thursday,,,,,,,,,,,,,,,,,,
929,06-06-2022,Frankie,Fastfood,50,9,450,Online,Online,Mrs.,Night,Monday,,,,,,,,,,,,,,,,,,
930,27-11-2022,Sugarcane juice,Beverages,25,10,250,Online,Online,Mr.,Night,Sunday,,,,,,,,,,,,,,,,,,
931,26-06-2022,Aalopuri,Fastfood,20,15,300,Cash,Cash,Mr.,Afternoon,Sunday,,,,,,,,,,,,,,,,,,
932,18-10-2022,Sandwich,Fastfood,60,9,540,Online,Online,Mr.,Afternoon,Tuesday,,,,,,,,,,,,,,,,,,
933,21-01-2023,Sugarcane juice,Beverages,25,15,375,Online,Online,Mrs.,Afternoon,Saturday,,,,,,,,,,,,,,,,,,
934,19-09-2022,Cold coffee,Beverages,40,4,160,Cash,Cash,Mrs.,Afternoon,Monday,,,,,,,,,,,,,,,,,,
935,17-02-2023,Sandwich,Fastfood,60,12,720,Cash,Cash,Mr.,Midnight,Friday,,,,,,,,,,,,,,,,,,
936,10-08-2022,Panipuri,Fastfood,20,2,40,,Credit,Mr.,Midnight,Wednesday,,,,,,,,,,,,,,,,,,
937,22-06-2022,Panipuri,Fastfood,20,4,80,Cash,Cash,Mr.,Night,Wednesday,,,,,,,,,,,,,,,,,,
938,10-08-2022,Sugarcane juice,Beverages,25,14,350,Cash,Cash,Mr.,Evening,Wednesday,,,,,,,,,,,,,,,,,,
939,19-02-2023,Vadapav,Fastfood,20,15,300,Online,Online,Mr.,Midnight,Sunday,,,,,,,,,,,,,,,,,,
940,07-02-2023,Sugarcane juice,Beverages,25,14,350,Online,Online,Mrs.,Midnight,Tuesday,,,,,,,,,,,,,,,,,,
941,10-02-2023,Cold coffee,Beverages,40,10,400,Online,Online,Mrs.,Morning,Friday,,,,,,,,,,,,,,,,,,
942,20-07-2022,Frankie,Fastfood,50,6,300,Cash,Cash,Mr.,Night,Wednesday,,,,,,,,,,,,,,,,,,
943,30-06-2022,Vadapav,Fastfood,20,6,120,Cash,Cash,Mrs.,Night,Thursday,,,,,,,,,,,,,,,,,,
944,12-05-2022,Aalopuri,Fastfood,20,2,40,Cash,Cash,Mr.,Midnight,Thursday,,,,,,,,,,,,,,,,,,
945,15-05-2022,Cold coffee,Beverages,40,2,80,Online,Online,Mrs.,Afternoon,Sunday,,,,,,,,,,,,,,,,,,
946,21-02-2023,Sandwich,Fastfood,60,8,480,Cash,Cash,Mr.,Midnight,Tuesday,,,,,,,,,,,,,,,,,,
947,16-08-2022,Aalopuri,Fastfood,20,11,220,Online,Online,Mr.,Night,Tuesday,,,,,,,,,,,,,,,,,,
948,16-01-2023,Sandwich,Fastfood,60,10,600,Online,Online,Mr.,Evening,Monday,,,,,,,,,,,,,,,,,,
949,07-01-2023,Panipuri,Fastfood,20,1,20,Cash,Cash,Mrs.,Evening,Saturday,,,,,,,,,,,,,,,,,,
950,25-09-2022,Frankie,Fastfood,50,6,300,Online,Online,Mrs.,Evening,Sunday,,,,,,,,,,,,,,,,,,
951,11-11-2022,Panipuri,Fastfood,20,11,220,Cash,Cash,Mrs.,Afternoon,Friday,,,,,,,,,,,,,,,,,,
952,24-09-2022,Aalopuri,Fastfood,20,14,280,Cash,Cash,Mrs.,Evening,Saturday,,,,,,,,,,,,,,,,,,
953,10-11-2022,Sandwich,Fastfood,60,2,120,Online,Online,Mrs.,Afternoon,Thursday,,,,,,,,,,,,,,,,,,
954,31-01-2023,Aalopuri,Fastfood,20,3,60,Cash,Cash,Mrs.,Midnight,Tuesday,,,,,,,,,,,,,,,,,,
955,27-01-2023,Sugarcane juice,Beverages,25,7,175,Online,Online,Mr.,Afternoon,Friday,,,,,,,,,,,,,,,,,,
956,30-04-2022,Frankie,Fastfood,50,13,650,Online,Online,Mr.,Morning,Saturday,,,,,,,,,,,,,,,,,,
957,08-02-2023,Panipuri,Fastfood,20,3,60,Online,Online,Mrs.,Midnight,Wednesday,,,,,,,,,,,,,,,,,,
958,22-05-2022,Sandwich,Fastfood,60,11,660,Online,Online,Mrs.,Night,Sunday,,,,,,,,,,,,,,,,,,
959,28-11-2022,Vadapav,Fastfood,20,8,160,Online,Online,Mrs.,Midnight,Monday,,,,,,,,,,,,,,,,,,
960,12-08-2022,Sugarcane juice,Beverages,25,15,375,Online,Online,Mrs.,Evening,Friday,,,,,,,,,,,,,,,,,,
961,14-03-2023,Frankie,Fastfood,50,13,650,Cash,Cash,Mr.,Night,Tuesday,,,,,,,,,,,,,,,,,,
962,18-05-2022,Frankie,Fastfood,50,13,650,Online,Online,Mrs.,Afternoon,Wednesday,,,,,,,,,,,,,,,,,,
963,05-10-2022,Vadapav,Fastfood,20,6,120,Cash,Cash,Mrs.,Morning,Wednesday,,,,,,,,,,,,,,,,,,
964,07-05-2022,Cold coffee,Beverages,40,8,320,Cash,Cash,Mr.,Evening,Saturday,,,,,,,,,,,,,,,,,,
965,08-10-2022,Frankie,Fastfood,50,5,250,Online,Online,Mrs.,Night,Saturday,,,,,,,,,,,,,,,,,,
966,19-03-2023,Panipuri,Fastfood,20,11,220,Online,Online,Mrs.,Morning,Sunday,,,,,,,,,,,,,,,,,,
967,29-06-2022,Cold coffee,Beverages,40,14,560,Cash,Cash,Mr.,Afternoon,Wednesday,,,,,,,,,,,,,,,,,,
968,09-08-2022,Cold coffee,Beverages,40,15,600,Cash,Cash,Mrs.,Morning,Tuesday,,,,,,,,,,,,,,,,,,
969,06-11-2022,Cold coffee,Beverages,40,11,440,Cash,Cash,Mr.,Morning,Sunday,,,,,,,,,,,,,,,,,,
970,21-11-2022,Aalopuri,Fastfood,20,5,100,Online,Online,Mrs.,Afternoon,Monday,,,,,,,,,,,,,,,,,,
971,02-10-2022,Frankie,Fastfood,50,2,100,Cash,Cash,Mrs.,Morning,Sunday,,,,,,,,,,,,,,,,,,
972,11-03-2023,Aalopuri,Fastfood,20,1,20,Cash,Cash,Mrs.,Afternoon,Saturday,,,,,,,,,,,,,,,,,,
973,07-06-2022,Sugarcane juice,Beverages,25,1,25,,Credit,Mrs.,Morning,Tuesday,,,,,,,,,,,,,,,,,,
974,28-01-2023,Vadapav,Fastfood,20,13,260,Online,Online,Mr.,Afternoon,Saturday,,,,,,,,,,,,,,,,,,
975,15-01-2023,Aalopuri,Fastfood,20,1,20,Cash,Cash,Mr.,Midnight,Sunday,,,,,,,,,,,,,,,,,,
976,17-04-2022,Sugarcane juice,Beverages,25,11,275,,Credit,Mrs.,Morning,Sunday,,,,,,,,,,,,,,,,,,
977,05-01-2023,Aalopuri,Fastfood,20,1,20,Cash,Cash,Mr.,Evening,Thursday,,,,,,,,,,,,,,,,,,
978,08-10-2022,Frankie,Fastfood,50,2,100,Online,Online,Mr.,Night,Saturday,,,,,,,,,,,,,,,,,,
979,21-05-2022,Aalopuri,Fastfood,20,13,260,Cash,Cash,Mrs.,Midnight,Saturday,,,,,,,,,,,,,,,,,,
980,20-06-2022,Vadapav,Fastfood,20,9,180,Online,Online,Mr.,Morning,Monday,,,,,,,,,,,,,,,,,,
981,22-01-2023,Panipuri,Fastfood,20,15,300,Online,Online,Mr.,Midnight,Sunday,,,,,,,,,,,,,,,,,,
982,30-03-2023,Sugarcane juice,Beverages,25,14,350,Cash,Cash,Mrs.,Night,Thursday,,,,,,,,,,,,,,,,,,
983,17-03-2023,Cold coffee,Beverages,40,10,400,,Credit,Mrs.,Night,Friday,,,,,,,,,,,,,,,,,,
984,07-01-2023,Frankie,Fastfood,50,3,150,Cash,Cash,Mr.,Afternoon,Saturday,,,,,,,,,,,,,,,,,,
985,14-06-2022,Frankie,Fastfood,50,1,50,Cash,Cash,Mrs.,Afternoon,Tuesday,,,,,,,,,,,,,,,,,,
986,30-04-2022,Sugarcane juice,Beverages,25,13,325,Online,Online,Mr.,Night,Saturday,,,,,,,,,,,,,,,,,,
987,04-01-2023,Vadapav,Fastfood,20,3,60,Cash,Cash,Mrs.,Evening,Wednesday,,,,,,,,,,,,,,,,,,
988,03-01-2023,Frankie,Fastfood,50,13,650,,Credit,Mrs.,Night,Tuesday,,,,,,,,,,,,,,,,,,
989,11-10-2022,Cold coffee,Beverages,40,13,520,Cash,Cash,Mr.,Afternoon,Tuesday,,,,,,,,,,,,,,,,,,
990,24-11-2022,Vadapav,Fastfood,20,10,200,Online,Online,Mrs.,Morning,Thursday,,,,,,,,,,,,,,,,,,
991,18-01-2023,Sandwich,Fastfood,60,7,420,Cash,Cash,Mrs.,Night,Wednesday,,,,,,,,,,,,,,,,,,
992,21-10-2022,Sandwich,Fastfood,60,5,300,Cash,Cash,Mr.,Morning,Friday,,,,,,,,,,,,,,,,,,
993,17-07-2022,Frankie,Fastfood,50,3,150,Online,Online,Mrs.,Night,Sunday,,,,,,,,,,,,,,,,,,
994,01-11-2022,Panipuri,Fastfood,20,2,40,Online,Online,Mrs.,Evening,Tuesday,,,,,,,,,,,,,,,,,,
995,18-06-2022,Sugarcane juice,Beverages,25,1,25,Online,Online,Mr.,Night,Saturday,,,,,,,,,,,,,,,,,,
996,19-03-2023,Frankie,Fastfood,50,10,500,,Credit,Mrs.,Evening,Sunday,,,,,,,,,,,,,,,,,,
997,20-09-2022,Sandwich,Fastfood,60,7,420,,Credit,Mr.,Evening,Tuesday,,,,,,,,,,,,,,,,,,
998,26-01-2023,Sandwich,Fastfood,60,13,780,,Credit,Mr.,Evening,Thursday,,,,,,,,,,,,,,,,,,
999,27-08-2022,Panipuri,Fastfood,20,5,100,,Credit,Mrs.,Afternoon,Saturday,,,,,,,,,,,,,,,,,,
1000,29-05-2022,Aalopuri,Fastfood,20,3,60,Online,Online,Mrs.,Midnight,Sunday,,,,,,,,,,,,,,,,,,
